ac.aeroporto_partenza,ac.compagnia,ac.numero_voli,ac.ritardo_medio_partenza,ac.ritardo_medio_arrivo,ac.tasso_cancellazione,differenza,classifica
ABE,9E,706,10.53,3.57,1.42,-3.7,1
ABE,G4,1235,11.59,6.12,1.46,-2.64,2
ABE,OH,758,18.21,9.47,1.58,3.98,3
ABE,OO,213,28.26,22.67,5.16,14.03,4
ABI,MQ,1340,7.27,4.47,0.75,0.0,1
ABQ,OO,2965,1.75,-1.95,0.54,-7.31,1
ABQ,DL,1112,2.01,-4.7,1.08,-7.05,2
ABQ,MQ,661,4.4,2.66,0.61,-4.66,3
ABQ,UA,1391,6.28,0.67,1.08,-2.78,4
ABQ,AS,311,6.78,4.09,1.29,-2.28,5
ABQ,NK,414,9.8,6.11,0.97,0.74,6
ABQ,WN,8648,10.52,4.44,0.50,1.46,7
ABQ,AA,2244,17.24,14.58,1.92,8.18,8
ABQ,B6,171,45.59,42.36,2.34,36.53,9
ABR,OO,524,20.91,13.63,0.76,0.0,1
ABY,9E,27,11.96,6.11,0.00,-6.14,1
ABY,OO,557,18.4,17.68,0.90,0.3,2
ACK,B6,704,13.1,10.36,3.27,-1.14,1
ACK,YX,449,14.92,16.29,8.69,0.68,2
ACK,MQ,14,26.43,28.21,0.00,12.19,3
ACK,OO,17,34.75,23.0,5.88,20.51,4
ACT,OO,575,15.4,15.2,2.61,-1.24,1
ACT,MQ,264,19.32,18.85,1.52,2.68,2
ACV,OO,1293,21.89,20.27,1.93,0.0,1
ACY,NK,2185,11.05,5.08,1.92,0.0,1
ADK,AS,63,10.54,9.96,9.52,0.0,1
ADQ,AS,603,1.97,0.68,1.49,0.0,1
AEX,9E,633,13.87,8.92,0.63,-2.14,1
AEX,OO,793,17.35,13.58,2.65,1.34,2
AEX,MQ,27,27.11,27.15,0.00,11.1,3
AGS,MQ,141,9.08,2.52,2.84,-7.13,1
AGS,9E,1207,11.68,6.19,2.15,-4.53,2
AGS,YX,24,13.79,3.38,0.00,-2.42,3
AGS,OH,1142,18.81,17.58,3.06,2.6,4
AGS,DL,114,21.29,15.79,0.00,5.08,5
AGS,OO,318,24.77,17.88,1.26,8.56,6
AGS,AA,16,32.13,30.38,0.00,15.92,7
AKN,AS,116,-5.5,-2.04,0.86,0.0,1
ALB,MQ,126,3.71,2.93,0.00,-9.79,1
ALB,9E,770,5.39,-3.82,2.60,-8.11,2
ALB,YX,230,5.84,2.66,1.74,-7.66,3
ALB,OO,598,6.65,3.05,0.33,-6.85,4
ALB,UA,537,7.03,4.83,1.49,-6.47,5
ALB,WN,2659,11.27,3.9,0.90,-2.23,6
ALB,DL,930,13.4,5.33,1.40,-0.1,7
ALB,OH,831,19.21,17.9,3.25,5.71,8
ALB,B6,531,20.43,16.06,1.32,6.93,9
ALB,AA,1054,21.09,16.39,0.76,7.59,10
ALB,G4,380,30.63,22.81,1.58,17.13,11
ALW,OO,406,0.71,3.23,3.45,0.0,1
AMA,MQ,1567,8.17,5.93,1.47,-1.31,1
AMA,WN,1438,8.18,2.26,0.56,-1.3,2
AMA,OO,624,14.14,12.05,1.92,4.66,3
AMA,AA,154,16.37,15.83,2.60,6.89,4
ANC,AS,10383,4.1,1.98,1.61,-3.08,1
ANC,UA,890,13.83,5.45,2.58,6.65,2
ANC,DL,1598,16.21,9.02,0.94,9.03,3
ANC,AA,347,40.16,30.45,0.58,32.98,4
APN,OO,462,20.23,14.86,2.81,0.0,1
ASE,OO,5574,29.6,25.46,7.05,0.0,1
ATL,9E,20198,6.51,2.4,1.05,-4.53,1
ATL,YX,903,8.33,6.16,1.55,-2.71,2
ATL,DL,169705,9.23,5.5,0.87,-1.81,3
ATL,AS,1015,9.95,6.44,2.17,-1.09,4
ATL,MQ,495,12.56,10.06,1.62,1.52,5
ATL,WN,25025,12.68,6.67,0.66,1.64,6
ATL,UA,5409,13.72,8.69,1.72,2.68,7
ATL,OH,1787,17.08,14.46,1.62,6.04,8
ATL,AA,5677,20.2,16.59,1.81,9.16,9
ATL,NK,7543,20.55,13.98,1.86,9.51,10
ATL,OO,6134,20.8,17.41,0.86,9.76,11
ATL,B6,2242,22.63,18.42,1.61,11.59,12
ATL,F9,8612,25.95,21.89,2.64,14.91,13
ATW,G4,820,9.61,5.5,2.20,-8.22,1
ATW,9E,126,11.38,9.29,0.00,-6.45,2
ATW,DL,250,12.8,5.42,0.80,-5.03,3
ATW,MQ,526,17.84,11.69,1.52,0.01,4
ATW,OO,2704,21.09,18.0,2.07,3.26,5
AUS,YX,88,2.39,-1.32,0.00,-12.2,1
AUS,UA,7039,10.84,5.6,1.26,-3.75,2
AUS,AS,2062,11.43,9.0,2.72,-3.16,3
AUS,OH,17,11.59,4.53,0.00,-3.0,4
AUS,WN,28044,11.97,5.92,0.67,-2.62,5
AUS,MQ,1690,14.43,12.51,1.42,-0.16,6
AUS,DL,8116,14.84,8.09,0.81,0.25,7
AUS,9E,281,15.35,14.33,0.36,0.76,8
AUS,NK,797,19.04,12.45,2.38,4.45,9
AUS,AA,10223,20.55,17.47,1.57,5.96,10
AUS,G4,810,21.62,18.55,2.10,7.03,11
AUS,F9,510,21.7,18.38,1.96,7.11,12
AUS,OO,2700,21.85,17.8,0.37,7.26,13
AUS,HA,132,24.87,28.93,0.76,10.28,14
AUS,B6,567,33.89,26.36,1.06,19.3,15
AVL,YX,814,9.78,5.4,4.79,-7.26,1
AVL,UA,145,10.67,5.47,3.45,-6.37,2
AVL,OH,1483,11.64,12.2,2.56,-5.4,3
AVL,9E,464,11.78,4.21,1.94,-5.26,4
AVL,DL,1639,13.75,5.35,2.68,-3.29,5
AVL,OO,505,17.66,16.12,4.36,0.62,6
AVL,G4,2383,18.8,15.58,3.15,1.76,7
AVL,MQ,860,24.49,22.96,2.79,7.45,8
AVL,B6,59,27.16,26.24,1.69,10.12,9
AVL,AA,354,49.45,44.2,5.93,32.41,10
AVP,OO,26,10.08,3.17,7.69,-8.87,1
AVP,MQ,339,14.5,10.43,1.47,-4.45,2
AVP,AA,600,20.43,15.93,1.50,1.48,3
AVP,OH,160,24.18,12.42,1.88,5.23,4
AZA,G4,4147,5.78,1.08,0.75,0.0,1
AZO,9E,10,-2.2,-9.2,0.00,-14.61,1
AZO,OO,725,12.62,7.7,1.66,0.21,2
BDL,YX,358,0.05,-6.32,0.56,-12.84,1
BDL,MQ,403,5.87,3.18,1.49,-7.02,2
BDL,UA,1553,6.89,3.48,1.29,-6.0,3
BDL,DL,2893,7.59,0.42,0.69,-5.3,4
BDL,9E,263,8.12,2.42,2.66,-4.77,5
BDL,NK,430,10.49,7.68,2.09,-2.4,6
BDL,WN,3019,10.98,3.57,0.63,-1.91,7
BDL,AA,2904,13.93,9.58,1.55,1.04,8
BDL,B6,2280,18.02,12.75,1.58,5.13,9
BDL,OH,1049,19.8,15.67,2.67,6.91,10
BDL,OO,51,22.92,25.04,1.96,10.03,11
BDL,F9,667,40.49,37.21,3.45,27.6,12
BET,AS,558,7.55,11.07,1.25,0.0,1
BFF,OO,454,13.48,12.97,2.64,0.0,1
BFL,MQ,236,2.23,-3.54,0.42,-5.57,1
BFL,OO,1016,6.0,0.2,0.49,-1.8,2
BFL,AA,702,12.29,8.17,0.85,4.49,3
BGM,9E,275,13.58,9.48,3.64,0.0,1
BGR,9E,849,5.42,-1.4,3.89,-9.16,1
BGR,YX,708,12.18,7.09,5.65,-2.4,2
BGR,MQ,179,14.21,17.43,1.68,-0.37,3
BGR,OH,496,15.46,9.78,3.23,0.88,4
BGR,OO,105,18.23,19.13,0.95,3.65,5
BGR,AA,454,23.7,22.68,1.98,9.12,6
BGR,G4,289,30.01,22.57,3.81,15.43,7
BHM,UA,2,-7.5,-15.5,0.00,-19.0,1
BHM,YX,283,-0.71,-2.71,1.41,-12.21,2
BHM,9E,836,5.18,-1.44,3.95,-6.32,3
BHM,DL,2198,5.69,0.67,0.96,-5.81,4
BHM,MQ,1832,9.71,6.39,1.15,-1.79,5
BHM,NK,52,12.46,14.52,0.00,0.96,6
BHM,WN,3205,12.47,7.47,0.78,0.97,7
BHM,OH,2850,15.61,12.81,1.33,4.11,8
BHM,OO,1169,15.99,12.02,0.77,4.49,9
BHM,AA,286,27.76,25.9,2.10,16.26,10
BIH,OO,193,22.64,14.65,6.74,0.0,1
BIL,UA,528,1.91,-0.92,0.76,-5.32,1
BIL,OO,1004,2.72,0.15,0.70,-4.51,2
BIL,DL,585,5.4,2.63,1.71,-1.83,3
BIL,MQ,685,13.76,12.85,0.44,6.53,4
BIL,G4,261,22.24,21.26,1.15,15.01,5
BIS,9E,9,3.33,19.67,0.00,-10.75,1
BIS,DL,431,8.14,1.5,0.46,-5.94,2
BIS,MQ,436,10.91,7.73,0.46,-3.17,3
BIS,G4,327,14.53,9.08,1.22,0.45,4
BIS,OO,1571,16.57,11.76,1.15,2.49,5
BJI,OO,533,17.14,11.77,0.94,0.0,1
BLI,G4,680,2.68,-1.91,0.59,-5.1,1
BLI,WN,471,9.27,2.3,0.42,1.49,2
BLI,OO,713,11.67,13.0,0.84,3.89,3
BLV,G4,723,28.49,23.97,2.77,0.0,1
BMI,9E,548,8.54,1.39,1.09,-3.82,1
BMI,MQ,499,9.74,5.53,1.40,-2.62,2
BMI,F9,44,13.48,19.77,0.00,1.12,3
BMI,G4,185,30.54,27.62,1.62,18.18,4
BNA,YX,4235,3.68,1.72,1.20,-8.22,1
BNA,DL,6138,4.94,-0.47,0.88,-6.96,2
BNA,AS,797,7.5,-0.03,1.25,-4.4,3
BNA,WN,37958,11.1,4.12,0.78,-0.8,4
BNA,MQ,1861,11.46,9.61,2.26,-0.44,5
BNA,OH,1740,11.72,10.11,2.13,-0.18,6
BNA,UA,4544,12.24,8.06,1.63,0.34,7
BNA,G4,2136,13.3,8.78,1.73,1.4,8
BNA,OO,3011,15.24,11.93,1.69,3.34,9
BNA,B6,972,17.16,12.23,1.44,5.26,10
BNA,F9,540,19.14,19.84,1.67,7.24,11
BNA,NK,2730,20.58,12.36,3.15,8.68,12
BNA,AA,6253,20.87,19.24,2.17,8.97,13
BNA,9E,895,24.26,20.85,3.35,12.36,14
BOI,AS,466,4.86,4.81,0.64,-1.98,1
BOI,OO,8328,5.12,3.85,0.36,-1.72,2
BOI,WN,3544,6.63,0.19,0.31,-0.21,3
BOI,MQ,213,7.09,3.04,0.47,0.25,4
BOI,UA,1006,7.61,3.01,1.49,0.77,5
BOI,NK,393,8.22,4.22,2.04,1.38,6
BOI,DL,2042,9.06,3.49,1.03,2.22,7
BOI,AA,648,12.33,8.21,1.39,5.49,8
BOI,G4,258,32.42,31.5,1.16,25.58,9
BOS,9E,5,-3.4,-16.0,0.00,-16.82,1
BOS,YX,18896,4.5,0.44,1.70,-8.92,2
BOS,G4,343,6.08,1.62,3.50,-7.34,3
BOS,UA,8685,11.54,5.68,1.78,-1.88,4
BOS,MQ,1339,13.66,8.1,1.72,0.24,5
BOS,WN,4871,13.91,5.06,0.90,0.49,6
BOS,AS,1761,14.03,9.47,1.82,0.61,7
BOS,HA,156,14.05,11.95,0.64,0.63,8
BOS,DL,17441,14.08,6.64,1.06,0.66,9
BOS,B6,28920,16.18,10.64,1.49,2.76,10
BOS,AA,11405,16.87,9.51,1.56,3.45,11
BOS,F9,1082,18.55,16.15,2.68,5.13,12
BOS,NK,4918,23.25,15.99,3.48,9.83,13
BPT,OO,370,5.81,1.27,2.43,-3.43,1
BPT,MQ,151,17.6,13.57,1.99,8.36,2
BQK,9E,105,8.61,9.47,0.00,-8.34,1
BQK,OO,502,18.7,20.54,0.40,1.75,2
BQN,B6,1157,15.71,12.65,1.47,-3.48,1
BQN,F9,331,26.12,16.86,1.21,6.93,2
BQN,UA,250,26.23,17.87,3.20,7.04,3
BRD,OO,456,11.28,7.57,0.66,0.0,1
BRO,MQ,909,5.82,3.75,1.43,-3.33,1
BRO,OO,526,15.0,12.02,3.23,5.85,2
BRW,AS,277,7.85,9.49,4.69,0.0,1
BTM,OO,383,1.47,-4.6,0.00,0.0,1
BTR,DL,661,7.05,0.44,1.21,-5.81,1
BTR,9E,367,9.02,4.97,1.91,-3.84,2
BTR,MQ,746,13.38,11.56,2.28,0.52,3
BTR,OO,432,14.37,11.21,3.24,1.51,4
BTR,OH,1426,15.8,12.48,1.75,2.94,5
BTR,UA,4,24.0,24.0,0.00,11.14,6
BTV,B6,4,4.75,2.0,0.00,-6.17,1
BTV,YX,1076,5.33,0.08,2.42,-5.59,2
BTV,DL,340,7.05,1.35,2.06,-3.87,3
BTV,F9,9,7.22,7.67,0.00,-3.7,4
BTV,UA,826,7.62,7.46,1.69,-3.3,5
BTV,MQ,238,10.47,13.19,1.68,-0.45,6
BTV,9E,1262,10.67,3.57,2.93,-0.25,7
BTV,OO,188,12.99,7.39,0.00,2.07,8
BTV,AA,527,15.34,10.16,1.14,4.42,9
BTV,OH,1211,17.33,14.28,2.23,6.41,10
BTV,G4,2,38.0,15.0,50.00,27.08,11
BUF,MQ,363,6.03,2.14,0.83,-5.59,1
BUF,YX,2007,6.56,2.57,3.69,-5.06,2
BUF,9E,1355,9.57,2.07,3.25,-2.05,3
BUF,DL,1567,9.64,2.53,1.08,-1.98,4
BUF,WN,3912,9.83,2.79,1.76,-1.79,5
BUF,UA,749,10.91,9.89,1.87,-0.71,6
BUF,B6,2525,11.35,7.84,2.18,-0.27,7
BUF,OO,571,16.8,11.25,1.93,5.18,8
BUF,AA,1614,17.47,15.42,1.30,5.85,9
BUF,OH,667,18.13,17.69,2.85,6.51,10
BUF,F9,757,24.33,21.07,4.89,12.71,11
BUR,AS,1667,3.89,2.79,2.22,-5.51,1
BUR,MQ,36,6.78,-2.97,0.00,-2.62,2
BUR,WN,13872,7.48,0.38,1.06,-1.92,3
BUR,OO,3009,11.21,9.47,0.80,1.81,4
BUR,AA,880,12.28,7.97,1.02,2.88,5
BUR,UA,1175,12.87,9.91,1.79,3.47,6
BUR,F9,52,13.37,19.27,0.00,3.97,7
BUR,NK,1412,15.2,12.35,1.63,5.8,8
BUR,DL,334,24.03,18.41,0.60,14.63,9
BUR,B6,232,54.46,49.89,1.72,45.06,10
BWI,OO,7,-5.0,-11.43,0.00,-20.77,1
BWI,MQ,376,3.95,-0.94,1.33,-11.82,2
BWI,UA,2539,6.66,2.04,1.97,-9.11,3
BWI,B6,167,6.86,3.97,2.40,-8.91,4
BWI,OH,26,6.88,4.42,0.00,-8.89,5
BWI,YX,673,8.32,4.21,1.19,-7.45,6
BWI,DL,3842,9.48,2.6,0.70,-6.29,7
BWI,AS,415,15.89,11.86,2.17,0.12,8
BWI,WN,54430,16.07,9.12,0.90,0.3,9
BWI,AA,2702,16.69,11.04,1.85,0.92,10
BWI,NK,4775,17.19,10.6,1.95,1.42,11
BWI,9E,347,23.85,18.44,6.63,8.08,12
BWI,G4,112,27.91,21.92,1.79,12.14,13
BWI,F9,2073,29.96,28.04,3.52,14.19,14
BZN,AS,472,5.08,6.82,1.06,-6.0,1
BZN,OO,1403,5.83,3.23,0.64,-5.25,2
BZN,DL,1294,7.68,3.56,0.54,-3.4,3
BZN,MQ,52,7.85,3.12,0.00,-3.23,4
BZN,WN,1454,7.98,2.06,0.55,-3.1,5
BZN,G4,260,11.98,8.13,3.08,0.9,6
BZN,UA,1622,14.71,10.65,1.29,3.63,7
BZN,AA,677,25.58,23.0,0.44,14.5,8
BZN,B6,107,43.17,41.12,2.80,32.09,9
CAE,DL,1127,3.2,-4.45,0.62,-6.1,1
CAE,MQ,40,3.45,2.28,0.00,-5.85,2
CAE,OO,544,3.66,2.92,0.74,-5.64,3
CAE,9E,958,6.96,1.94,1.77,-2.34,4
CAE,OH,1660,9.62,9.35,1.39,0.32,5
CAE,YX,254,15.05,12.1,5.12,5.75,6
CAE,AA,517,30.05,26.74,2.90,20.75,7
CAK,OH,1199,10.75,8.79,0.75,-4.96,1
CAK,G4,528,19.05,13.99,2.46,3.34,2
CAK,OO,768,21.28,20.55,2.08,5.57,3
CDC,OO,471,4.7,-0.64,0.64,0.0,1
CDV,AS,520,1.84,0.72,2.12,0.0,1
CHA,YX,103,6.08,6.09,0.00,-6.86,1
CHA,9E,1136,9.94,4.2,0.79,-3.0,2
CHA,DL,915,10.08,1.72,0.98,-2.86,3
CHA,OO,705,13.74,13.23,1.99,0.8,4
CHA,OH,1035,13.81,10.62,0.87,0.87,5
CHA,MQ,925,15.49,11.78,2.05,2.55,6
CHA,G4,182,29.73,27.19,3.85,16.79,7
CHO,OH,47,-6.04,-2.4,0.00,-17.0,1
CHO,YX,363,6.61,8.46,2.75,-4.35,2
CHO,9E,1283,10.48,4.3,2.96,-0.48,3
CHO,DL,182,11.16,0.85,0.00,0.2,4
CHO,OO,466,17.33,17.7,2.36,6.37,5
CHS,YX,1661,2.98,-1.29,1.51,-8.24,1
CHS,AS,234,5.55,2.56,2.99,-5.67,2
CHS,OH,1258,7.52,5.64,1.99,-3.7,3
CHS,WN,2607,7.9,2.88,0.77,-3.32,4
CHS,9E,1478,10.23,4.18,4.53,-0.99,5
CHS,MQ,665,10.28,6.62,2.11,-0.94,6
CHS,UA,1635,10.45,6.41,1.53,-0.77,7
CHS,DL,2914,10.75,5.57,0.82,-0.47,8
CHS,G4,158,15.21,14.14,3.80,3.99,9
CHS,AA,3614,15.54,12.59,1.88,4.32,10
CHS,F9,132,16.01,11.8,2.27,4.79,11
CHS,OO,277,16.02,14.5,1.08,4.8,12
CHS,B6,1362,17.67,13.33,1.76,6.45,13
CHS,NK,941,17.77,12.22,3.40,6.55,14
CID,9E,120,0.98,-3.17,0.00,-13.75,1
CID,YX,110,3.71,-3.41,6.36,-11.02,2
CID,UA,859,8.66,5.91,1.63,-6.07,3
CID,MQ,847,9.36,8.03,1.89,-5.37,4
CID,OH,452,11.86,7.37,3.10,-2.87,5
CID,F9,187,12.74,11.24,1.60,-1.99,6
CID,OO,1457,14.32,12.13,2.61,-0.41,7
CID,G4,646,15.0,10.39,2.48,0.27,8
CID,DL,278,17.0,13.42,1.80,2.27,9
CID,AA,910,30.5,25.8,3.85,15.77,10
CIU,OO,545,20.88,15.83,1.28,0.0,1
CKB,G4,149,35.3,33.56,2.68,0.0,1
CLE,YX,3272,4.97,0.07,2.35,-6.0,1
CLE,UA,6132,5.23,-0.21,1.35,-5.74,2
CLE,AS,320,5.37,3.56,2.19,-5.6,3
CLE,WN,3749,7.78,0.89,0.69,-3.19,4
CLE,MQ,440,8.58,2.8,0.91,-2.39,5
CLE,B6,588,9.0,5.52,1.70,-1.97,6
CLE,OH,1099,10.05,8.32,1.18,-0.92,7
CLE,DL,2298,11.02,1.29,0.87,0.05,8
CLE,OO,1232,11.73,5.6,0.81,0.76,9
CLE,NK,712,12.79,6.21,2.39,1.82,10
CLE,9E,1771,14.22,6.69,2.94,3.25,11
CLE,AA,3419,14.33,11.09,1.78,3.36,12
CLE,F9,4740,22.14,17.48,2.91,11.17,13
CLL,MQ,618,10.32,5.67,2.43,-1.56,1
CLL,OO,210,16.54,15.05,3.81,4.66,2
CLT,YX,1892,8.41,4.72,1.43,-10.2,1
CLT,DL,4572,10.97,2.7,0.66,-7.64,2
CLT,OH,42135,12.6,8.7,1.17,-6.01,3
CLT,UA,2993,12.91,10.2,1.37,-5.7,4
CLT,9E,2286,15.31,10.55,4.02,-3.3,5
CLT,MQ,4590,15.87,12.33,1.46,-2.74,6
CLT,WN,2490,17.61,11.34,0.32,-1.0,7
CLT,AA,93729,21.83,17.61,1.38,3.22,8
CLT,OO,43,21.91,12.49,0.00,3.3,9
CLT,B6,403,22.31,14.98,2.48,3.7,10
CLT,NK,3553,23.83,18.52,2.93,5.22,11
CLT,F9,2373,30.04,32.97,3.71,11.43,12
CMH,YX,8425,1.58,-3.47,1.15,-7.5,1
CMH,DL,2465,6.59,-0.45,0.85,-2.49,2
CMH,AS,308,8.13,1.64,1.95,-0.95,3
CMH,WN,8797,9.64,2.83,1.03,0.56,4
CMH,9E,178,11.12,4.37,0.00,2.04,5
CMH,MQ,2291,11.46,7.64,0.57,2.38,6
CMH,OO,976,13.41,6.78,0.20,4.33,7
CMH,UA,1985,13.8,11.01,1.41,4.72,8
CMH,OH,982,14.87,10.08,1.32,5.79,9
CMH,NK,1824,16.29,7.64,2.14,7.21,10
CMH,F9,181,18.22,16.38,2.21,9.14,11
CMH,AA,2513,19.02,15.45,1.79,9.94,12
CMI,MQ,1020,16.18,9.88,1.37,0.0,1
CMX,OO,527,20.72,19.81,3.80,0.0,1
CNY,OO,19,8.82,5.88,10.53,0.0,1
COD,OO,444,16.49,9.78,0.68,0.0,1
COS,WN,3715,9.4,3.75,0.62,-1.11,1
COS,OO,3601,9.6,3.78,1.31,-0.91,2
COS,UA,583,9.68,6.35,2.74,-0.83,3
COS,AA,798,15.01,14.59,2.26,4.5,4
COS,DL,401,15.9,9.94,0.75,5.39,5
COS,MQ,253,18.96,16.54,0.40,8.45,6
COU,MQ,1233,11.94,9.62,2.19,-1.71,1
COU,OO,73,42.31,35.94,1.37,28.66,2
CPR,OO,1226,8.41,1.2,0.57,0.0,1
CRP,OO,197,6.55,4.71,1.02,-2.38,1
CRP,MQ,1845,8.81,6.99,1.95,-0.12,2
CRP,WN,861,9.75,6.14,1.16,0.82,3
CRW,9E,130,2.09,-5.1,0.00,-18.45,1
CRW,OH,972,18.0,16.28,1.13,-2.54,2
CRW,OO,1368,24.12,18.51,1.24,3.58,3
CSG,9E,429,8.63,3.04,2.80,-3.3,1
CSG,OO,307,16.48,11.88,1.30,4.55,2
CVG,YX,3923,4.48,0.77,1.73,-6.67,1
CVG,OO,651,8.1,7.31,0.15,-3.05,2
CVG,UA,1460,8.53,6.03,1.23,-2.62,3
CVG,9E,4888,8.54,3.07,1.74,-2.61,4
CVG,DL,5213,9.01,2.1,1.04,-2.14,5
CVG,WN,1649,9.22,3.41,0.61,-1.93,6
CVG,AS,244,9.27,5.23,1.64,-1.88,7
CVG,MQ,2010,11.52,8.09,0.80,0.37,8
CVG,OH,1815,14.08,12.13,1.05,2.93,9
CVG,G4,2368,14.37,11.44,1.35,3.22,10
CVG,F9,3407,16.73,13.53,2.20,5.58,11
CVG,AA,2451,22.17,17.66,2.00,11.02,12
CWA,9E,510,3.69,-2.04,0.98,0.0,1
CYS,OO,475,12.13,4.44,1.89,0.0,1
DAB,DL,1072,7.7,3.0,1.40,-1.69,1
DAB,OH,800,10.74,3.97,3.25,1.35,2
DAB,AA,230,12.42,7.3,1.30,3.03,3
DAB,MQ,8,16.13,10.63,0.00,6.74,4
DAL,AS,251,2.21,-1.38,3.19,-11.86,1
DAL,DL,1534,13.08,7.61,0.78,-0.99,2
DAL,WN,52505,14.16,8.37,1.09,0.09,3
DAY,YX,242,-0.29,-2.4,0.83,-10.84,1
DAY,DL,805,4.46,-5.85,0.99,-6.09,2
DAY,9E,327,6.85,-3.01,3.06,-3.7,3
DAY,OH,2556,11.24,8.53,1.06,0.69,4
DAY,OO,1102,13.55,10.28,1.09,3.0,5
DAY,MQ,131,17.06,11.51,2.29,6.51,6
DAY,G4,198,25.05,21.12,3.54,14.5,7
DCA,YX,19327,4.48,-0.11,1.53,-8.55,1
DCA,AS,1220,7.4,2.17,0.82,-5.63,2
DCA,UA,4236,12.27,8.16,1.96,-0.76,3
DCA,DL,6443,12.34,4.63,1.23,-0.69,4
DCA,WN,11600,13.15,4.66,1.18,0.12,5
DCA,MQ,3075,13.25,8.75,1.27,0.22,6
DCA,OO,117,14.03,5.94,0.85,1.0,7
DCA,OH,26443,14.85,11.01,2.24,1.82,8
DCA,B6,5899,15.65,8.93,1.61,2.62,9
DCA,F9,699,16.51,11.86,1.29,3.48,10
DCA,9E,1490,17.72,12.43,1.81,4.69,11
DCA,AA,19375,18.45,12.96,1.64,5.42,12
DDC,OO,467,23.67,21.38,2.78,0.0,1
DEC,OO,550,29.65,26.18,2.36,0.0,1
DEN,AS,1646,8.29,5.95,1.15,-5.11,1
DEN,OO,44346,10.94,6.11,1.36,-2.46,2
DEN,DL,8963,11.13,3.61,0.88,-2.27,3
DEN,UA,75327,12.6,7.85,1.19,-0.8,4
DEN,WN,72009,14.82,9.03,0.80,1.42,5
DEN,MQ,134,15.88,10.73,0.00,2.48,6
DEN,F9,18389,15.88,11.14,1.53,2.48,6
DEN,AA,6011,18.73,14.47,1.76,5.33,8
DEN,G4,338,20.56,20.14,1.48,7.16,9
DEN,B6,880,30.5,27.31,0.80,17.1,10
DEN,NK,21,57.71,53.05,0.00,44.31,11
DFW,MQ,52213,8.92,5.11,1.57,-10.26,1
DFW,OO,17901,10.19,6.65,2.13,-8.99,2
DFW,AS,1753,13.98,12.92,2.34,-5.2,3
DFW,UA,6054,15.27,11.62,1.55,-3.91,4
DFW,DL,8781,15.44,8.72,0.95,-3.74,5
DFW,NK,7456,18.26,12.73,1.42,-0.92,6
DFW,OH,6795,19.88,15.52,2.47,0.7,7
DFW,F9,7550,22.58,22.0,2.82,3.4,8
DFW,AA,123008,25.14,19.84,2.04,5.96,9
DFW,B6,249,46.23,44.48,1.20,27.05,10
DFW,YX,31,55.9,47.83,0.00,36.72,11
DFW,9E,2,99.5,130.0,0.00,80.32,12
DHN,9E,413,6.64,1.9,0.73,-2.66,1
DHN,OO,184,15.27,11.91,1.09,5.97,2
DIK,OO,417,18.49,12.97,2.88,0.0,1
DLG,AS,79,2.55,4.45,2.53,0.0,1
DLH,YX,357,2.87,-3.24,0.28,-9.85,1
DLH,9E,135,9.24,9.63,0.00,-3.48,2
DLH,DL,82,13.47,6.86,1.22,0.75,3
DLH,OO,1041,16.53,10.53,1.34,3.81,4
DRO,MQ,14,-1.93,-16.21,0.00,-14.15,1
DRO,UA,494,10.55,0.36,1.62,-1.67,2
DRO,OO,2196,12.65,10.35,1.14,0.43,3
DRO,AA,6,25.33,20.17,0.00,13.11,4
DSM,YX,660,2.96,1.28,1.67,-9.63,1
DSM,UA,1450,5.95,4.75,1.17,-6.64,2
DSM,9E,1888,7.91,2.13,1.75,-4.68,3
DSM,WN,1296,9.59,3.37,0.93,-3.0,4
DSM,DL,825,11.0,1.86,0.61,-1.59,5
DSM,MQ,637,12.24,9.34,1.26,-0.35,6
DSM,OO,638,13.69,9.77,1.88,1.1,7
DSM,F9,206,17.64,16.54,1.46,5.05,8
DSM,OH,335,18.11,16.82,1.49,5.52,9
DSM,G4,1213,19.04,15.19,1.90,6.45,10
DSM,AA,1779,23.26,20.19,2.08,10.67,11
DTW,YX,3484,3.33,-0.33,1.72,-8.38,1
DTW,9E,9471,5.34,0.99,0.96,-6.37,2
DTW,MQ,621,6.78,4.26,2.42,-4.93,3
DTW,UA,1619,8.87,5.14,1.17,-2.84,4
DTW,WN,2962,9.17,2.51,0.57,-2.54,5
DTW,NK,7454,10.61,3.0,1.46,-1.1,6
DTW,AS,375,11.42,8.43,1.87,-0.29,7
DTW,OH,789,11.78,9.91,2.15,0.07,8
DTW,DL,42945,11.86,6.5,0.96,0.15,9
DTW,B6,778,14.41,11.62,1.16,2.7,10
DTW,AA,4135,15.04,11.2,2.06,3.33,11
DTW,OO,19565,15.43,11.68,0.67,3.72,12
DTW,F9,1645,22.4,18.78,3.83,10.69,13
DVL,OO,479,7.47,3.51,5.01,0.0,1
EAR,OO,77,15.19,10.61,2.60,0.0,1
EAU,OO,22,21.95,17.45,9.09,0.0,1
ECP,DL,1714,7.69,2.43,0.82,-4.21,1
ECP,WN,2355,9.06,4.54,0.76,-2.84,2
ECP,OO,209,9.11,5.05,0.00,-2.79,3
ECP,OH,795,12.88,11.6,0.75,0.98,4
ECP,MQ,572,14.83,10.56,1.92,2.93,5
ECP,YX,20,24.7,19.7,0.00,12.8,6
ECP,AA,518,33.8,31.84,1.74,21.9,7
ECP,9E,17,46.0,46.41,0.00,34.1,8
EGE,F9,8,11.25,20.75,0.00,-13.54,1
EGE,OO,1240,12.43,6.46,1.29,-12.36,2
EGE,DL,122,16.4,7.03,0.82,-8.39,3
EGE,UA,392,18.35,13.71,1.79,-6.44,4
EGE,AA,980,44.19,42.92,1.43,19.4,5
EKO,OO,262,-2.52,-8.51,0.00,0.0,1
ELM,G4,177,17.99,12.96,2.82,-5.79,1
ELM,OO,522,25.69,20.39,0.19,1.91,2
ELP,YX,21,-3.11,-6.58,9.52,-12.9,1
ELP,UA,271,5.45,-2.46,0.74,-4.34,2
ELP,OO,1719,5.98,2.87,0.64,-3.81,3
ELP,WN,6681,8.17,2.61,0.57,-1.62,4
ELP,DL,535,9.22,2.87,0.56,-0.57,5
ELP,MQ,1219,10.83,8.09,0.82,1.04,6
ELP,F9,491,15.62,12.48,1.83,5.83,7
ELP,AA,2066,16.75,14.36,1.60,6.96,8
ELP,G4,65,21.52,19.61,1.54,11.73,9
ESC,OO,430,12.11,9.32,0.93,0.0,1
EUG,OO,1856,6.78,2.63,1.51,-3.84,1
EUG,WN,1299,8.44,0.72,1.92,-2.18,2
EUG,AS,227,11.5,13.55,1.32,0.88,3
EUG,UA,1068,11.85,6.65,2.06,1.23,4
EUG,AA,584,16.93,12.18,1.54,6.31,5
EUG,G4,258,25.47,22.86,3.49,14.85,6
EUG,MQ,17,68.29,54.29,0.00,57.67,7
EVV,9E,515,3.28,-3.0,1.36,-9.42,1
EVV,MQ,527,7.12,4.94,0.76,-5.58,2
EVV,OO,303,19.58,16.87,0.66,6.88,3
EVV,OH,14,21.21,17.36,0.00,8.51,4
EVV,DL,21,46.35,37.9,4.76,33.65,5
EVV,G4,149,46.81,40.09,4.70,34.11,6
EWN,OH,34,60.29,49.94,8.82,0.0,1
EWR,OO,1,-4.0,9.0,0.00,-19.87,1
EWR,YX,15974,5.45,-0.43,3.46,-10.42,2
EWR,G4,440,13.07,6.34,0.91,-2.8,3
EWR,AS,2193,15.89,11.87,3.60,0.02,4
EWR,UA,48244,16.57,11.38,2.57,0.7,5
EWR,B6,3696,18.37,14.4,2.25,2.5,6
EWR,NK,7299,19.87,11.81,3.40,4.0,7
EWR,DL,4738,21.62,16.67,1.20,5.75,8
EWR,MQ,552,21.8,15.73,3.99,5.93,9
EWR,9E,1199,23.79,21.0,3.92,7.92,10
EWR,AA,4641,26.18,18.73,2.82,10.31,11
EWR,F9,262,39.58,35.02,1.91,23.71,12
EYW,YX,782,11.85,8.91,2.17,-8.44,1
EYW,MQ,1543,12.45,10.19,2.92,-7.84,2
EYW,UA,564,12.84,13.48,2.30,-7.45,3
EYW,DL,990,13.67,10.2,2.12,-6.62,4
EYW,9E,117,19.49,19.9,1.71,-0.8,5
EYW,G4,452,25.86,24.91,3.54,5.57,6
EYW,B6,136,32.44,27.84,3.68,12.15,7
EYW,AA,1305,39.8,37.57,2.76,19.51,8
FAI,AS,1884,3.01,0.7,1.17,-4.64,1
FAI,UA,166,13.58,0.36,1.81,5.93,2
FAI,DL,426,25.88,19.88,1.41,18.23,3
FAR,DL,513,3.63,-3.26,0.78,-10.13,1
FAR,9E,160,5.45,-2.44,0.00,-8.31,2
FAR,F9,230,9.64,8.92,1.74,-4.12,3
FAR,MQ,1195,13.02,7.88,1.17,-0.74,4
FAR,OO,2006,16.65,13.74,1.35,2.89,5
FAR,G4,439,17.61,12.17,0.68,3.85,6
FAR,UA,100,23.02,18.68,2.00,9.26,7
FAT,MQ,15,-1.33,-4.33,0.00,-12.16,1
FAT,AS,293,3.77,3.01,2.39,-7.06,2
FAT,OO,4932,8.19,4.43,0.55,-2.64,3
FAT,WN,1133,10.49,4.82,0.09,-0.34,4
FAT,G4,450,13.34,14.51,0.44,2.51,5
FAT,AA,1529,17.89,13.33,1.44,7.06,6
FAT,DL,163,18.12,9.96,1.23,7.29,7
FAT,UA,263,20.93,13.62,1.90,10.1,8
FAY,DL,247,4.07,-4.07,0.81,-8.85,1
FAY,OH,458,10.11,10.57,1.53,-2.81,2
FAY,9E,259,13.03,6.41,0.00,0.11,3
FAY,OO,148,36.08,32.12,0.68,23.16,4
FCA,OO,1026,7.14,2.42,0.88,-4.64,1
FCA,DL,591,10.38,6.44,0.85,-1.4,2
FCA,UA,674,12.39,8.02,0.74,0.61,3
FCA,AA,272,21.05,19.05,0.74,9.27,4
FCA,G4,181,24.02,22.6,1.66,12.24,5
FCA,MQ,24,30.0,24.67,0.00,18.22,6
FLG,OO,1396,10.25,7.73,0.36,0.0,1
FLL,9E,13,11.31,9.0,0.00,-6.18,1
FLL,UA,5971,13.14,7.95,2.63,-4.35,2
FLL,WN,10603,15.57,10.85,1.41,-1.92,3
FLL,DL,8985,16.38,11.14,1.09,-1.11,4
FLL,G4,2452,17.45,14.95,1.84,-0.04,5
FLL,B6,13813,17.49,13.11,1.38,0.0,6
FLL,AS,708,18.38,14.93,8.05,0.89,7
FLL,NK,19038,19.05,14.66,1.63,1.56,8
FLL,AA,4852,20.81,17.31,1.94,3.32,9
FLL,F9,1181,25.95,24.51,4.06,8.46,10
FNT,G4,922,11.27,8.03,1.41,-4.87,1
FNT,OO,572,23.97,23.36,1.05,7.83,2
FOD,OO,425,15.98,13.75,2.35,0.0,1
FSD,UA,528,3.03,2.3,1.14,-8.93,1
FSD,YX,43,7.26,5.6,0.00,-4.7,2
FSD,9E,277,7.61,5.86,0.36,-4.35,3
FSD,OO,1801,8.31,4.33,1.00,-3.65,4
FSD,MQ,538,11.52,6.28,3.35,-0.44,5
FSD,F9,181,14.03,15.27,1.10,2.07,6
FSD,AA,469,19.06,12.51,1.49,7.1,7
FSD,G4,647,19.43,15.07,1.24,7.47,8
FSD,DL,491,21.07,16.01,1.83,9.11,9
FSM,MQ,736,11.39,6.78,2.45,-0.76,1
FSM,OO,136,16.31,10.45,2.94,4.16,2
FWA,MQ,617,11.82,7.0,0.49,-6.94,1
FWA,OH,118,11.97,6.62,0.00,-6.79,2
FWA,9E,142,17.74,7.52,2.82,-1.02,3
FWA,OO,1894,20.32,15.68,1.00,1.56,4
FWA,G4,595,22.67,19.14,2.35,3.91,5
GCC,OO,510,12.81,8.07,1.18,0.0,1
GCK,OO,161,14.18,10.97,3.73,-2.68,1
GCK,MQ,380,17.97,16.51,1.84,1.11,2
GEG,AS,1722,3.42,1.25,1.39,-3.37,1
GEG,OO,4286,3.86,2.04,0.42,-2.93,2
GEG,UA,611,4.78,-1.7,2.62,-2.01,3
GEG,WN,2763,6.7,0.37,0.07,-0.09,4
GEG,DL,2137,8.36,3.06,1.08,1.57,5
GEG,G4,170,15.42,12.49,1.18,8.63,6
GEG,AA,1030,21.4,16.14,0.87,14.61,7
GFK,OO,720,7.8,3.7,0.56,-1.93,1
GFK,G4,112,16.38,13.96,0.89,6.65,2
GFK,9E,54,21.69,15.33,0.00,11.96,3
GGG,OO,360,11.09,7.8,1.94,-2.91,1
GGG,MQ,165,20.3,16.67,1.21,6.3,2
GJT,UA,491,9.15,-0.88,1.02,-1.51,1
GJT,MQ,361,10.24,9.84,0.28,-0.42,2
GJT,OO,1902,10.84,8.47,0.95,0.18,3
GJT,G4,91,16.62,17.68,1.10,5.96,4
GNV,DL,1161,5.96,-0.96,1.12,-1.95,1
GNV,MQ,443,7.4,4.1,1.58,-0.51,2
GNV,9E,92,8.38,1.95,0.00,0.47,3
GNV,OH,536,12.62,9.31,4.48,4.71,4
GPT,DL,879,7.36,1.78,1.48,-2.88,1
GPT,OH,925,8.97,8.13,0.76,-1.27,2
GPT,9E,38,9.21,4.42,0.00,-1.03,3
GPT,OO,255,11.13,9.06,0.78,0.89,4
GPT,MQ,388,18.66,15.21,3.35,8.42,5
GPT,G4,18,27.11,28.78,0.00,16.87,6
GRB,9E,47,-6.4,-16.53,0.00,-19.54,1
GRB,YX,130,6.14,4.15,1.54,-7.0,2
GRB,MQ,285,10.6,7.44,2.11,-2.54,3
GRB,OO,2247,13.56,9.57,1.56,0.42,4
GRB,DL,258,16.62,10.4,0.39,3.48,5
GRB,F9,67,24.06,23.66,2.99,10.92,6
GRI,OO,541,21.08,19.09,1.85,-0.27,1
GRI,G4,161,22.28,17.76,1.86,0.93,2
GRK,MQ,976,11.8,8.77,1.23,-0.68,1
GRK,OO,381,14.28,12.33,3.67,1.8,2
GRR,YX,1421,3.44,-0.16,2.46,-7.85,1
GRR,9E,677,4.9,-1.33,4.58,-6.39,2
GRR,DL,2035,5.81,-1.45,0.88,-5.48,3
GRR,UA,990,7.54,6.18,1.01,-3.75,4
GRR,WN,1463,9.13,5.32,0.41,-2.16,5
GRR,G4,1444,10.71,7.0,1.59,-0.58,6
GRR,MQ,520,13.71,13.34,1.92,2.42,7
GRR,OH,510,14.88,15.02,3.14,3.59,8
GRR,OO,1530,15.25,12.23,1.70,3.96,9
GRR,AA,1796,18.2,14.81,1.50,6.91,10
GRR,F9,467,39.5,37.23,4.93,28.21,11
GSO,DL,1752,5.26,-2.86,0.63,-4.07,1
GSO,9E,1115,5.83,-1.3,3.05,-3.5,2
GSO,YX,1172,6.13,2.65,3.50,-3.2,3
GSO,OO,715,7.17,6.7,0.56,-2.16,4
GSO,OH,1845,9.0,9.32,1.25,-0.33,5
GSO,MQ,973,9.39,6.83,0.51,0.06,6
GSO,G4,101,20.12,20.99,3.96,10.79,7
GSO,AA,982,25.67,23.45,3.16,16.34,8
GSP,DL,1923,3.54,-4.51,0.99,-6.05,1
GSP,YX,1516,4.96,1.14,2.77,-4.63,2
GSP,WN,1100,7.31,0.33,0.64,-2.28,3
GSP,UA,328,7.63,4.05,1.52,-1.96,4
GSP,OO,717,7.64,3.83,1.53,-1.95,5
GSP,9E,1008,8.49,1.75,2.38,-1.1,6
GSP,OH,2844,9.45,8.07,0.91,-0.14,7
GSP,MQ,1217,10.52,8.79,0.82,0.93,8
GSP,AA,951,29.42,23.34,3.05,19.83,9
GSP,G4,240,30.83,27.61,2.92,21.24,10
GST,AS,61,-0.54,-2.98,8.20,0.0,1
GTF,OO,1445,3.42,-0.86,0.55,-1.98,1
GTF,UA,195,9.83,-0.05,3.08,4.43,2
GTF,G4,114,23.19,23.0,0.88,17.79,3
GTR,9E,528,1.37,-4.86,1.14,0.0,1
GUC,OO,463,10.3,5.71,1.08,-5.73,1
GUC,AA,97,43.65,45.72,2.06,27.62,2
GUM,UA,493,1.8,-6.46,0.61,0.0,1
HDN,WN,443,10.02,4.84,1.13,-6.82,1
HDN,MQ,15,12.53,13.53,0.00,-4.31,2
HDN,OO,592,16.29,12.28,1.35,-0.55,3
HDN,UA,387,17.67,14.43,1.55,0.83,4
HDN,DL,89,18.6,11.19,0.00,1.76,5
HDN,AA,140,26.87,27.98,0.71,10.03,6
HDN,B6,38,57.7,61.3,2.63,40.86,7
HGR,G4,205,46.61,44.86,2.93,0.0,1
HHH,MQ,804,10.41,8.84,1.87,-3.42,1
HHH,YX,554,18.8,14.64,2.17,4.97,2
HIB,OO,410,9.89,5.54,1.22,0.0,1
HLN,OO,1099,13.7,10.53,0.64,0.0,1
HNL,WN,10660,2.59,-2.73,0.38,-3.59,1
HNL,AA,1417,5.06,-2.82,0.07,-1.12,2
HNL,HA,23427,5.5,4.88,1.07,-0.68,3
HNL,DL,2395,11.08,2.98,0.75,4.9,4
HNL,UA,3425,12.9,3.4,1.26,6.72,5
HNL,AS,3009,13.38,7.48,2.96,7.2,6
HOB,OO,325,29.41,22.86,1.23,0.0,1
HOU,MQ,1344,13.06,9.72,4.46,-0.42,1
HOU,WN,38881,13.21,5.34,1.11,-0.27,2
HOU,DL,1167,14.01,9.06,0.86,0.53,3
HOU,OO,286,15.28,15.1,1.40,1.8,4
HOU,G4,254,27.75,26.28,1.57,14.27,5
HOU,F9,248,28.04,23.53,5.24,14.56,6
HOU,OH,111,43.39,38.64,8.11,29.91,7
HPN,MQ,844,9.35,5.26,2.25,-5.25,1
HPN,B6,3530,11.23,7.42,1.36,-3.37,2
HPN,9E,678,11.59,3.07,1.62,-3.01,3
HPN,YX,41,12.76,6.12,0.00,-1.84,4
HPN,DL,653,16.58,6.82,1.07,1.98,5
HPN,OH,2046,17.55,15.35,2.44,2.95,6
HPN,OO,722,30.25,23.74,2.49,15.65,7
HRL,OO,193,2.41,0.37,1.55,-5.97,1
HRL,DL,144,5.82,-3.6,0.69,-2.56,2
HRL,MQ,1200,7.27,5.36,1.25,-1.11,3
HRL,WN,1668,10.08,6.75,0.54,1.7,4
HSV,YX,163,1.08,-0.31,1.84,-11.49,1
HSV,DL,1429,3.54,-4.16,1.33,-9.03,2
HSV,9E,426,5.25,0.76,1.17,-7.32,3
HSV,MQ,1382,14.72,10.86,1.45,2.15,4
HSV,OO,1256,15.74,12.3,1.11,3.17,5
HSV,OH,1885,18.32,16.48,2.12,5.75,6
HSV,AA,9,32.11,20.56,0.00,19.54,7
HTS,G4,329,39.59,38.89,3.34,0.0,1
HYA,YX,133,12.51,19.08,0.75,-13.45,1
HYA,B6,78,50.61,54.17,7.69,24.65,2
HYS,OO,486,13.16,7.27,1.85,0.0,1
IAD,MQ,20,4.21,10.47,5.00,-6.78,1
IAD,YX,6009,4.34,-0.67,1.15,-6.65,2
IAD,9E,259,5.32,-1.71,0.00,-5.67,3
IAD,UA,22789,10.72,5.58,1.53,-0.27,4
IAD,AS,1504,11.51,7.44,1.80,0.52,5
IAD,WN,827,12.1,4.55,0.24,1.11,6
IAD,DL,2261,14.2,4.61,0.75,3.21,7
IAD,OH,1154,14.7,8.36,0.87,3.71,8
IAD,AA,513,19.73,12.68,1.95,8.74,9
IAD,F9,73,20.52,20.03,0.00,9.53,10
IAD,OO,1953,22.13,17.23,1.38,11.14,11
IAD,G4,233,43.72,36.56,2.15,32.73,12
IAG,G4,267,26.33,22.47,2.25,0.0,1
IAH,OH,26,5.04,5.81,0.00,-13.03,1
IAH,AS,623,9.27,6.35,2.41,-8.8,2
IAH,WN,2124,13.17,7.91,1.65,-4.9,3
IAH,DL,5822,14.84,7.8,1.17,-3.23,4
IAH,MQ,1024,15.92,10.18,3.42,-2.15,5
IAH,NK,7220,17.09,11.13,2.15,-0.98,6
IAH,UA,50547,17.5,12.5,1.89,-0.57,7
IAH,OO,9586,18.97,14.61,2.59,0.9,8
IAH,AA,5104,23.66,19.64,2.92,5.59,9
IAH,B6,504,27.16,22.91,1.98,9.09,10
IAH,F9,2484,30.27,29.7,3.14,12.2,11
IAH,YX,43,54.16,50.4,0.00,36.09,12
ICT,UA,438,1.63,5.65,0.46,-9.23,1
ICT,WN,1314,2.35,-4.35,0.23,-8.51,2
ICT,9E,124,6.46,3.37,0.00,-4.4,3
ICT,DL,655,8.39,1.16,1.07,-2.47,4
ICT,MQ,1758,10.43,7.34,1.76,-0.43,5
ICT,OH,226,10.79,11.39,0.88,-0.07,6
ICT,G4,250,13.63,7.41,0.80,2.77,7
ICT,OO,2356,15.04,10.88,1.06,4.18,8
ICT,AA,440,28.82,26.86,2.73,17.96,9
IDA,OO,2022,9.05,3.5,0.54,-3.35,1
IDA,DL,73,10.64,12.03,0.00,-1.76,2
IDA,G4,346,32.32,30.93,0.29,19.92,3
ILM,YX,1023,6.54,5.52,2.05,-3.76,1
ILM,9E,960,7.46,1.88,2.29,-2.84,2
ILM,MQ,794,7.79,4.85,0.88,-2.51,3
ILM,OO,28,9.46,4.86,0.00,-0.84,4
ILM,DL,581,10.38,3.53,1.38,0.08,5
ILM,OH,1426,11.02,9.94,1.82,0.72,6
ILM,AA,1061,17.39,12.69,2.17,7.09,7
IMT,OO,524,11.41,8.82,1.72,0.0,1
IND,YX,9409,2.22,-1.94,1.17,-7.25,1
IND,AS,381,8.01,5.22,2.36,-1.46,2
IND,9E,1738,8.08,1.05,2.36,-1.39,3
IND,UA,1742,8.29,4.09,1.78,-1.18,4
IND,MQ,804,8.98,4.4,2.11,-0.49,5
IND,DL,3333,9.07,2.81,0.72,-0.4,6
IND,OH,203,9.68,6.64,0.99,0.21,7
IND,WN,8393,11.77,5.12,0.94,2.3,8
IND,OO,850,12.7,7.71,1.53,3.23,9
IND,NK,1662,15.08,8.69,2.47,5.61,10
IND,AA,4845,15.29,11.86,1.20,5.82,11
IND,G4,1077,15.57,14.14,2.14,6.1,12
IND,F9,574,24.8,21.49,2.09,15.33,13
INL,OO,433,17.55,13.01,1.15,0.0,1
ISP,B6,105,10.36,6.52,0.00,-6.9,1
ISP,WN,2044,13.49,4.8,1.22,-3.77,2
ISP,F9,1120,25.02,17.42,4.11,7.76,3
ITH,YX,42,10.86,0.48,0.00,-1.35,1
ITH,9E,463,12.33,4.78,3.89,0.12,2
ITO,WN,1387,-2.78,-5.59,0.50,-4.76,1
ITO,HA,3754,3.75,3.82,1.12,1.77,2
JAC,OO,774,8.92,5.35,1.81,-11.38,1
JAC,AS,51,10.3,16.78,7.84,-10.0,2
JAC,DL,868,17.57,9.71,0.69,-2.73,3
JAC,UA,1446,17.6,13.3,1.94,-2.7,4
JAC,AA,751,40.86,38.57,1.07,20.56,5
JAN,9E,193,1.5,-0.84,0.52,-9.07,1
JAN,DL,1546,4.72,-1.69,0.45,-5.85,2
JAN,WN,1293,10.37,5.08,0.70,-0.2,3
JAN,OO,326,10.84,8.36,0.31,0.27,4
JAN,MQ,808,15.69,12.53,2.48,5.12,5
JAN,OH,970,17.86,15.66,2.68,7.29,6
JAX,OO,131,6.28,3.13,2.29,-6.39,1
JAX,YX,1209,7.89,3.26,1.41,-4.78,2
JAX,9E,657,8.79,1.83,2.89,-3.88,3
JAX,WN,3532,8.96,3.32,1.13,-3.71,4
JAX,UA,2788,9.92,6.02,1.40,-2.75,5
JAX,MQ,862,11.32,9.4,1.51,-1.35,6
JAX,DL,4335,11.39,6.14,1.29,-1.28,7
JAX,OH,793,12.2,9.08,1.26,-0.47,8
JAX,F9,665,16.21,14.28,2.86,3.54,9
JAX,G4,539,16.31,13.54,1.48,3.64,10
JAX,AA,5502,16.93,14.7,1.96,4.26,11
JAX,B6,1327,19.82,15.53,2.19,7.15,12
JFK,YX,11964,5.45,0.78,2.37,-9.24,1
JFK,9E,11883,9.52,4.28,3.74,-5.17,2
JFK,AS,2437,10.73,7.11,3.20,-3.96,3
JFK,HA,267,12.84,12.24,1.50,-1.85,4
JFK,AA,9111,13.82,7.72,1.17,-0.87,5
JFK,DL,19893,15.16,7.82,1.09,0.47,6
JFK,F9,587,19.77,16.19,1.36,5.08,7
JFK,B6,24822,21.08,15.22,2.07,6.39,8
JFK,OO,2077,23.21,17.38,3.13,8.52,9
JLN,OO,420,16.71,11.73,1.67,0.0,1
JMS,OO,454,14.62,11.3,5.07,0.0,1
JNU,AS,3339,1.57,1.06,1.98,-0.4,1
JNU,DL,105,14.5,7.62,0.00,12.53,2
JST,OO,473,20.78,15.52,1.90,0.0,1
KOA,WN,2491,-0.65,-5.23,0.52,-5.71,1
KOA,HA,5857,3.31,3.06,0.77,-1.75,2
KOA,DL,475,8.69,1.83,2.74,3.63,3
KOA,AS,1454,10.61,5.65,3.30,5.55,4
KOA,UA,1017,14.07,6.07,1.67,9.01,5
KOA,AA,475,17.3,11.92,0.00,12.24,6
KTN,AS,1670,2.13,-0.17,2.04,-0.86,1
KTN,OO,68,24.29,29.5,2.94,21.3,2
LAN,9E,104,9.37,3.76,2.88,-9.14,1
LAN,OO,624,19.48,16.87,0.96,0.97,2
LAN,OH,223,20.04,20.06,2.69,1.53,3
LAR,OO,454,11.72,9.12,4.19,0.0,1
LAS,G4,5392,9.09,4.98,0.72,-4.15,1
LAS,DL,11599,9.36,2.61,0.82,-3.88,2
LAS,UA,10300,9.82,4.54,1.81,-3.42,3
LAS,AS,4047,10.58,9.27,2.17,-2.66,4
LAS,NK,19288,10.62,5.25,1.17,-2.62,5
LAS,WN,63735,14.01,6.25,0.54,0.77,6
LAS,OO,1638,14.48,17.06,1.22,1.24,7
LAS,F9,9597,15.69,12.64,1.43,2.45,8
LAS,HA,1018,17.03,15.83,0.29,3.79,9
LAS,AA,10036,19.62,13.66,1.12,6.38,10
LAS,B6,1994,23.49,17.08,0.85,10.25,11
LAS,MQ,20,35.7,30.7,0.00,22.46,12
LAW,MQ,102,8.34,1.45,1.96,-6.14,1
LAW,OO,689,15.41,13.23,3.48,0.93,2
LAX,MQ,36,1.11,-0.64,0.00,-9.84,1
LAX,AS,6682,5.89,2.74,1.86,-5.06,2
LAX,OO,28505,6.27,4.36,0.41,-4.68,3
LAX,UA,19524,9.37,2.69,1.79,-1.58,4
LAX,DL,26052,10.26,4.82,0.72,-0.69,5
LAX,NK,8118,10.84,4.22,1.26,-0.11,6
LAX,B6,6119,11.82,6.52,0.39,0.87,7
LAX,WN,19123,11.84,4.97,0.47,0.89,8
LAX,G4,768,11.93,8.77,0.91,0.98,9
LAX,HA,1690,14.94,12.55,1.36,3.99,10
LAX,AA,21564,18.27,12.35,0.68,7.32,11
LAX,F9,1703,28.67,28.77,1.94,17.72,12
LBB,WN,1991,7.15,0.12,0.80,-3.57,1
LBB,OO,862,10.7,8.86,2.09,-0.02,2
LBB,MQ,1476,12.15,10.1,2.10,1.43,3
LBB,AA,311,27.1,26.3,1.93,16.38,4
LBE,NK,406,6.46,-1.43,2.46,0.0,1
LBF,OO,452,3.53,4.55,2.43,0.0,1
LBL,OO,404,8.51,5.05,3.71,0.0,1
LCH,OO,750,23.05,19.94,2.53,-0.21,1
LCH,MQ,58,26.02,27.3,6.90,2.76,2
LCK,G4,657,18.2,16.15,2.44,0.0,1
LEX,YX,547,2.45,0.59,0.55,-10.3,1
LEX,9E,157,5.45,-1.27,0.00,-7.3,2
LEX,DL,1274,7.94,-2.8,1.33,-4.81,3
LEX,OO,1338,10.27,5.63,1.20,-2.48,4
LEX,MQ,726,10.3,5.64,1.10,-2.45,5
LEX,OH,1067,13.65,10.07,1.31,0.9,6
LEX,AA,759,24.49,23.55,2.37,11.74,7
LEX,G4,594,26.88,26.19,2.69,14.13,8
LFT,9E,550,7.65,2.73,1.09,-8.0,1
LFT,MQ,307,13.87,9.27,1.63,-1.78,2
LFT,OO,694,15.09,9.52,1.44,-0.56,3
LFT,OH,819,22.29,20.45,3.91,6.64,4
LFT,NK,1,73.0,59.0,0.00,57.35,5
LGA,YX,28684,4.22,-1.17,2.56,-8.42,1
LGA,9E,21072,9.48,1.76,4.08,-3.16,2
LGA,UA,5587,12.28,7.6,2.34,-0.36,3
LGA,NK,5304,16.36,8.86,2.75,3.72,4
LGA,DL,18476,16.43,8.86,1.45,3.79,5
LGA,WN,8072,16.78,6.12,1.81,4.14,6
LGA,AA,11352,18.26,12.82,2.63,5.62,7
LGA,B6,6559,21.36,15.11,2.49,8.72,8
LGA,OO,2810,23.51,19.26,2.78,10.87,9
LGA,F9,1783,31.49,25.68,3.53,18.85,10
LGB,HA,465,2.8,-0.47,0.65,-4.76,1
LGB,OO,476,4.53,-1.24,0.00,-3.03,2
LGB,WN,11924,7.72,0.95,0.60,0.16,3
LGB,DL,310,13.0,5.53,0.97,5.44,4
LIH,WN,2464,-0.2,-6.34,0.16,-4.3,1
LIH,DL,468,3.03,-4.8,1.50,-1.07,2
LIH,HA,6489,3.32,2.4,1.31,-0.78,3
LIH,UA,761,5.32,-2.05,0.53,1.22,4
LIH,AS,769,15.56,10.05,1.04,11.46,5
LIH,AA,469,17.85,11.92,0.00,13.75,6
LIT,DL,1515,4.5,-2.65,0.66,-7.69,1
LIT,YX,341,6.53,4.27,1.76,-5.66,2
LIT,F9,81,7.74,6.36,1.23,-4.45,3
LIT,WN,1937,7.83,0.8,0.26,-4.36,4
LIT,9E,223,12.03,8.21,1.35,-0.16,5
LIT,OO,1418,13.82,11.18,1.76,1.63,6
LIT,MQ,2679,14.64,13.14,0.97,2.45,7
LIT,OH,544,21.98,17.8,2.21,9.79,8
LIT,AA,562,22.64,22.15,1.42,10.45,9
LIT,G4,89,40.8,37.72,1.12,28.61,10
LNK,YX,25,2.21,-2.71,4.00,-10.87,1
LNK,OO,1317,13.28,9.08,0.68,0.2,2
LRD,OO,47,10.55,10.48,0.00,-3.75,1
LRD,MQ,1225,13.64,12.15,1.71,-0.66,2
LRD,G4,98,24.43,21.65,2.04,10.13,3
LSE,MQ,241,11.26,8.19,0.83,0.0,1
LWS,OO,799,7.92,4.02,0.50,0.0,1
MAF,UA,37,-0.92,0.31,2.70,-10.22,1
MAF,WN,2818,8.18,3.02,0.96,-1.12,2
MAF,OO,2377,8.63,4.81,1.05,-0.67,3
MAF,MQ,1913,12.0,9.77,2.09,2.7,4
MBS,9E,76,-2.86,-6.28,0.00,-15.57,1
MBS,OO,1579,13.48,9.7,1.52,0.77,2
MCI,AS,578,0.56,-1.05,1.21,-9.23,1
MCI,YX,1239,5.12,2.8,1.94,-4.67,2
MCI,DL,5100,5.13,-0.73,0.78,-4.66,3
MCI,UA,2756,5.2,2.5,1.09,-4.59,4
MCI,MQ,900,6.81,3.11,1.56,-2.98,5
MCI,WN,17924,9.77,3.74,0.94,-0.02,6
MCI,F9,280,11.29,12.85,1.07,1.5,7
MCI,OO,792,11.62,10.57,1.89,1.83,8
MCI,9E,879,14.23,9.03,4.10,4.44,9
MCI,AA,4212,16.26,14.5,1.23,6.47,10
MCI,NK,1270,16.78,9.91,2.52,6.99,11
MCI,G4,160,17.44,14.03,1.88,7.65,12
MCI,OH,342,26.3,24.29,1.75,16.51,13
MCI,B6,121,28.17,28.64,0.00,18.38,14
MCO,F9,12890,14.38,10.73,2.34,-1.94,1
MCO,UA,9985,14.79,9.68,2.82,-1.53,2
MCO,NK,16909,14.94,9.95,1.84,-1.38,3
MCO,WN,33552,15.16,9.66,1.41,-1.16,4
MCO,AS,1887,16.07,14.51,3.87,-0.25,5
MCO,DL,15837,16.21,11.3,1.53,-0.11,6
MCO,AA,13311,19.35,15.67,1.97,3.03,7
MCO,B6,12701,21.17,15.81,1.80,4.85,8
MCO,G4,160,36.79,35.67,1.88,20.47,9
MCW,OO,457,23.35,20.18,2.19,0.0,1
MDT,YX,179,-0.55,-8.63,1.68,-15.48,1
MDT,UA,296,6.21,3.91,0.68,-8.72,2
MDT,DL,592,8.78,-1.1,1.01,-6.15,3
MDT,9E,203,9.87,0.94,0.99,-5.06,4
MDT,OH,475,13.37,9.48,0.63,-1.56,5
MDT,OO,691,15.01,9.37,1.01,0.08,6
MDT,AA,796,21.41,18.21,1.26,6.48,7
MDT,G4,571,23.31,19.74,1.93,8.38,8
MDT,F9,54,30.04,23.17,3.70,15.11,9
MDW,DL,1107,11.16,3.6,0.81,-2.06,1
MDW,WN,53310,12.71,6.25,1.14,-0.51,2
MDW,OO,1438,15.03,11.57,0.63,1.81,3
MDW,G4,317,20.8,19.69,1.58,7.58,4
MDW,F9,2682,22.49,18.48,2.80,9.27,5
MEI,OO,413,17.34,17.05,3.63,0.0,1
MEM,DL,3278,6.19,-0.87,1.13,-4.84,1
MEM,9E,777,6.3,0.24,2.96,-4.73,2
MEM,YX,2161,6.95,1.38,1.57,-4.08,3
MEM,MQ,1164,7.08,2.41,1.12,-3.95,4
MEM,UA,1130,7.98,4.46,1.50,-3.05,5
MEM,OH,548,12.11,7.54,0.55,1.08,6
MEM,WN,2641,12.77,6.46,0.61,1.74,7
MEM,F9,131,13.63,13.55,0.76,2.6,8
MEM,OO,565,16.83,12.64,1.95,5.8,9
MEM,G4,357,17.37,12.6,1.12,6.34,10
MEM,AA,3230,17.53,14.3,1.52,6.5,11
MEM,NK,633,17.81,8.83,1.90,6.78,12
MFE,UA,400,3.85,-0.97,4.50,-12.39,1
MFE,MQ,595,11.06,10.65,2.02,-5.18,2
MFE,G4,343,15.62,10.55,0.87,-0.62,3
MFE,OO,776,18.28,16.29,0.77,2.04,4
MFE,AA,1376,20.98,19.41,2.11,4.74,5
MFR,OO,2081,8.82,4.42,0.86,-2.76,1
MFR,UA,863,14.19,7.67,0.93,2.61,2
MFR,G4,248,25.85,23.32,2.02,14.27,3
MGM,MQ,434,9.5,5.18,0.69,-5.91,1
MGM,9E,682,10.12,4.51,0.73,-5.29,2
MGM,OO,456,22.56,17.22,1.32,7.15,3
MGM,OH,376,23.54,23.51,4.52,8.13,4
MGW,OO,25,61.24,58.32,0.00,0.0,1
MHK,OO,1,3.0,-17.0,0.00,-5.98,1
MHK,MQ,655,8.99,0.53,2.14,0.01,2
MHT,MQ,214,1.74,0.98,0.93,-8.56,1
MHT,YX,39,1.79,5.28,0.00,-8.51,2
MHT,WN,2043,7.41,-0.42,0.49,-2.89,3
MHT,OH,1614,13.18,10.13,1.86,2.88,4
MHT,AA,93,24.27,18.95,0.00,13.97,5
MHT,NK,88,36.27,25.64,5.68,25.97,6
MIA,MQ,10406,7.38,5.09,1.47,-12.56,1
MIA,NK,4070,12.68,8.38,1.87,-7.26,2
MIA,YX,423,13.66,8.71,2.13,-6.28,3
MIA,WN,4238,16.35,12.95,1.37,-3.59,4
MIA,AS,358,17.76,18.17,6.15,-2.18,5
MIA,UA,4597,18.78,15.38,3.18,-1.16,6
MIA,9E,10,18.9,26.3,0.00,-1.04,7
MIA,F9,2699,19.53,17.44,2.56,-0.41,8
MIA,DL,8226,20.27,15.07,1.22,0.33,9
MIA,AA,43705,23.86,18.36,1.64,3.92,10
MIA,B6,1378,28.01,25.09,2.39,8.07,11
MKE,MQ,45,0.95,-2.0,2.22,-10.21,1
MKE,AS,334,2.8,-0.61,0.90,-8.36,2
MKE,YX,1288,7.5,2.89,2.48,-3.66,3
MKE,DL,3190,7.55,1.72,0.97,-3.61,4
MKE,WN,7020,8.44,2.08,1.05,-2.72,5
MKE,NK,542,8.81,2.87,2.03,-2.35,6
MKE,UA,482,11.46,6.15,1.45,0.3,7
MKE,OH,715,13.75,14.38,2.10,2.59,8
MKE,OO,3748,14.12,9.97,1.68,2.96,9
MKE,9E,636,14.29,8.96,2.20,3.13,10
MKE,B6,372,14.56,11.16,1.08,3.4,11
MKE,F9,365,17.4,12.57,1.64,6.24,12
MKE,AA,1980,22.02,18.21,1.87,10.86,13
MLB,DL,1032,3.47,-2.34,1.26,-2.24,1
MLB,OH,834,7.12,5.79,1.68,1.41,2
MLB,G4,180,12.21,7.68,2.78,6.5,3
MLI,9E,529,6.84,1.42,2.08,-6.86,1
MLI,OH,526,8.63,7.22,1.14,-5.07,2
MLI,MQ,553,13.83,8.24,2.71,0.13,3
MLI,OO,1165,16.52,13.86,2.32,2.82,4
MLI,G4,318,23.01,18.02,1.57,9.31,5
MLU,OO,165,7.07,6.78,0.61,-5.29,1
MLU,MQ,728,12.38,8.56,2.20,0.02,2
MLU,9E,652,13.68,10.63,0.92,1.32,3
MOB,DL,422,4.47,-1.62,0.95,-4.86,1
MOB,9E,587,5.68,1.19,1.02,-3.65,2
MOB,MQ,790,7.76,5.5,1.77,-1.57,3
MOB,OO,147,29.56,24.11,0.00,20.23,4
MOB,OH,18,150.06,144.41,5.56,140.73,5
MOT,OO,1434,14.94,11.25,1.67,-0.77,1
MOT,G4,227,20.56,17.31,1.76,4.85,2
MQT,9E,66,3.0,-4.77,4.55,-11.27,1
MQT,OO,176,11.57,7.98,1.70,-2.7,2
MQT,MQ,349,17.65,14.73,0.29,3.38,3
MRY,MQ,344,4.9,2.25,0.58,-5.62,1
MRY,OO,2520,8.29,6.51,0.95,-2.23,2
MRY,AA,475,21.11,19.25,1.68,10.59,3
MRY,G4,73,46.0,47.75,1.37,35.48,4
MSN,YX,848,2.67,-1.43,1.06,-9.2,1
MSN,UA,1140,6.08,4.54,1.23,-5.79,2
MSN,9E,558,6.78,0.48,2.69,-5.09,3
MSN,DL,1369,7.06,-0.2,0.95,-4.81,4
MSN,OH,767,11.88,11.01,0.91,0.01,5
MSN,MQ,512,13.41,14.16,1.76,1.54,6
MSN,OO,1659,14.41,11.23,1.51,2.54,7
MSN,F9,214,21.25,19.82,1.87,9.38,8
MSN,AA,1495,23.12,20.16,1.07,11.25,9
MSO,OO,851,6.09,3.07,0.82,-6.18,1
MSO,DL,546,8.47,4.31,1.10,-3.8,2
MSO,MQ,253,11.94,11.29,0.79,-0.33,3
MSO,F9,90,13.32,15.85,3.33,1.05,4
MSO,UA,751,13.41,6.84,1.60,1.14,5
MSO,AS,167,14.59,4.89,0.00,2.32,6
MSO,AA,169,20.01,14.79,0.00,7.74,7
MSO,G4,248,31.77,31.15,2.42,19.5,8
MSP,9E,5541,7.35,4.16,0.78,-3.2,1
MSP,YX,831,8.12,5.67,2.29,-2.43,2
MSP,UA,3842,9.16,5.52,1.64,-1.39,3
MSP,AS,726,9.38,5.2,1.52,-1.17,4
MSP,DL,50063,9.42,3.59,0.84,-1.13,5
MSP,WN,5345,9.61,2.75,0.75,-0.94,6
MSP,MQ,645,11.9,11.12,0.78,1.35,7
MSP,OO,18438,12.95,8.45,0.77,2.4,8
MSP,NK,850,12.98,10.44,1.06,2.43,9
MSP,G4,169,14.38,10.84,0.59,3.83,10
MSP,AA,3305,15.51,11.94,1.51,4.96,11
MSP,F9,1173,19.2,17.95,1.96,8.65,12
MSP,OH,496,23.38,22.24,2.02,12.83,13
MSP,B6,240,41.25,37.85,1.67,30.7,14
MSY,9E,1,-5.0,-13.0,0.00,-19.46,1
MSY,MQ,788,8.15,6.3,1.90,-6.31,2
MSY,OO,245,9.3,4.43,2.86,-5.16,3
MSY,AS,501,10.38,7.49,0.40,-4.08,4
MSY,UA,4737,11.1,6.1,2.17,-3.36,5
MSY,YX,436,11.3,7.96,0.69,-3.16,6
MSY,DL,5261,12.71,6.12,0.97,-1.75,7
MSY,WN,14030,13.29,8.51,1.00,-1.17,8
MSY,NK,3829,13.64,7.73,2.22,-0.82,9
MSY,OH,469,17.79,11.25,2.35,3.33,10
MSY,AA,5075,21.04,18.4,1.64,6.58,11
MSY,F9,632,23.75,21.83,4.27,9.29,12
MSY,B6,967,26.85,21.18,1.76,12.39,13
MSY,G4,70,37.47,33.81,0.00,23.01,14
MTJ,DL,76,5.61,0.64,0.00,-6.43,1
MTJ,UA,574,10.77,3.84,1.05,-1.27,2
MTJ,WN,452,10.91,4.7,0.22,-1.13,3
MTJ,OO,489,11.77,7.59,1.23,-0.27,4
MTJ,AA,370,16.3,13.89,0.27,4.26,5
MTJ,MQ,48,18.04,17.76,2.08,6.0,6
MVY,YX,408,13.9,13.57,4.41,-2.88,1
MVY,B6,385,19.48,19.7,6.23,2.7,2
MVY,MQ,14,27.64,35.07,0.00,10.86,3
MYR,OO,24,0.5,-7.63,0.00,-10.15,1
MYR,DL,1485,2.59,-3.48,1.14,-8.06,2
MYR,9E,369,7.28,-0.85,2.98,-3.37,3
MYR,WN,1786,7.93,1.72,0.62,-2.72,4
MYR,YX,424,10.08,4.44,4.01,-0.57,5
MYR,NK,3497,11.2,6.65,2.66,0.55,6
MYR,MQ,280,11.76,10.15,1.43,1.11,7
MYR,OH,1598,12.44,9.62,1.75,1.79,8
MYR,AA,858,12.51,10.24,2.33,1.86,9
MYR,UA,192,14.12,6.13,1.56,3.47,10
MYR,G4,808,19.26,18.08,2.97,8.61,11
MYR,F9,300,26.3,24.55,7.33,15.65,12
OAJ,DL,233,6.13,0.85,1.29,-5.63,1
OAJ,9E,419,9.61,2.61,0.00,-2.15,2
OAJ,OH,703,14.95,12.58,1.99,3.19,3
OAK,HA,750,-0.99,-1.71,2.40,-9.64,1
OAK,OO,1009,2.07,-1.8,0.40,-6.58,2
OAK,G4,117,2.18,2.1,0.85,-6.47,3
OAK,AS,524,4.3,-1.58,2.67,-4.35,4
OAK,DL,406,5.93,-2.4,1.48,-2.72,5
OAK,NK,2150,9.22,5.1,2.14,0.57,6
OAK,WN,25937,9.29,2.38,0.52,0.64,7
OGG,WN,4837,0.31,-4.97,0.54,-4.04,1
OGG,HA,10114,4.25,3.05,1.02,-0.1,2
OGG,UA,1180,7.25,-1.48,1.19,2.9,3
OGG,AA,830,9.39,3.51,0.48,5.04,4
OGG,DL,649,10.45,2.52,1.54,6.1,5
OGG,AS,1488,10.7,5.77,4.03,6.35,6
OKC,DL,1267,2.78,-5.02,0.87,-6.42,1
OKC,YX,694,5.38,2.27,2.02,-3.82,2
OKC,AS,261,5.84,6.73,1.92,-3.36,3
OKC,MQ,1637,8.09,4.63,1.83,-1.11,4
OKC,F9,306,8.43,4.94,2.29,-0.77,5
OKC,OO,4988,8.55,5.42,0.66,-0.65,6
OKC,WN,5414,8.58,3.29,0.66,-0.62,7
OKC,G4,108,13.93,12.65,0.93,4.73,8
OKC,UA,22,15.32,16.55,0.00,6.12,9
OKC,AA,2018,17.93,16.19,1.88,8.73,10
OKC,OH,230,18.15,16.19,2.17,8.95,11
OKC,9E,4,36.75,39.0,0.00,27.55,12
OMA,YX,736,2.97,0.44,1.63,-8.77,1
OMA,AS,339,7.71,5.55,1.77,-4.03,2
OMA,DL,1413,8.77,0.53,1.06,-2.97,3
OMA,MQ,407,8.94,6.66,1.23,-2.8,4
OMA,9E,357,10.54,6.44,2.52,-1.2,5
OMA,WN,5806,10.7,4.03,0.91,-1.04,6
OMA,UA,2157,10.94,8.89,1.44,-0.8,7
OMA,OO,3195,12.31,9.11,0.81,0.57,8
OMA,G4,385,12.37,8.72,2.08,0.63,9
OMA,AA,2271,18.29,15.13,1.32,6.55,10
OMA,OH,70,22.51,21.04,0.00,10.77,11
OMA,F9,306,24.01,25.32,1.63,12.27,12
OME,AS,278,-1.92,2.3,3.96,0.0,1
ONT,MQ,48,-3.56,-7.67,0.00,-12.56,1
ONT,AS,1030,3.85,1.16,2.43,-5.15,2
ONT,DL,1332,4.11,-5.32,1.13,-4.89,3
ONT,OO,1983,4.38,2.3,0.45,-4.62,4
ONT,UA,1048,6.87,-0.76,0.86,-2.13,5
ONT,WN,8339,7.58,0.2,0.38,-1.42,6
ONT,HA,269,9.87,8.72,0.37,0.87,7
ONT,AA,2515,15.28,9.98,1.31,6.28,8
ONT,F9,2584,16.01,14.02,2.09,7.01,9
ONT,B6,206,18.11,9.38,2.43,9.11,10
ORD,YX,12489,4.93,-0.6,0.93,-10.78,1
ORD,WN,4927,11.06,4.85,1.42,-4.65,2
ORD,MQ,25200,11.25,8.21,1.21,-4.46,3
ORD,9E,57,13.54,12.09,1.75,-2.17,4
ORD,UA,65229,14.11,8.55,1.37,-1.6,5
ORD,AS,2203,14.7,11.46,1.82,-1.01,6
ORD,DL,7842,17.07,11.08,1.13,1.36,7
ORD,OO,39432,17.44,13.45,1.79,1.73,8
ORD,AA,37931,21.59,17.88,1.11,5.88,9
ORD,NK,6034,22.18,15.16,1.86,6.47,10
ORD,B6,896,28.09,24.39,2.23,12.38,11
ORD,F9,1930,29.08,31.05,3.47,13.37,12
ORF,YX,2003,5.66,3.07,2.25,-7.3,1
ORF,MQ,303,8.66,4.56,0.33,-4.3,2
ORF,UA,1752,8.92,4.02,2.28,-4.04,3
ORF,OH,2222,10.17,7.3,1.26,-2.79,4
ORF,WN,2341,11.41,4.71,0.43,-1.55,5
ORF,9E,1605,13.22,7.99,2.80,0.26,6
ORF,DL,1827,13.41,6.98,1.09,0.45,7
ORF,AA,2075,19.45,14.21,2.12,6.49,8
ORF,NK,681,25.82,18.09,3.23,12.86,9
ORF,OO,256,26.89,23.44,0.00,13.93,10
ORF,G4,182,27.88,26.77,4.40,14.92,11
ORF,F9,182,31.04,31.43,4.95,18.08,12
ORH,YX,244,0.77,-3.89,6.56,-18.54,1
ORH,9E,196,16.79,13.43,5.10,-2.52,2
ORH,B6,487,29.17,22.71,2.26,9.86,3
OTH,OO,251,32.83,27.24,1.59,0.0,1
OTZ,AS,268,-2.85,-1.92,6.72,0.0,1
PAE,AS,762,3.31,0.69,3.28,0.0,1
PBG,G4,327,35.98,32.59,5.50,0.0,1
PBI,YX,12,-5.08,-9.75,0.00,-22.57,1
PBI,NK,348,6.6,0.45,1.44,-10.89,2
PBI,WN,1933,10.81,5.64,0.88,-6.68,3
PBI,DL,5269,14.46,9.0,1.31,-3.03,4
PBI,G4,290,16.17,15.45,1.72,-1.32,5
PBI,B6,6171,17.56,12.74,1.65,0.07,6
PBI,UA,2480,18.52,13.06,3.43,1.03,7
PBI,AA,4436,22.69,19.81,1.80,5.2,8
PBI,F9,614,29.96,25.89,3.26,12.47,9
PDX,MQ,34,-4.44,-11.76,0.00,-12.53,1
PDX,AS,12486,4.85,3.9,2.08,-3.24,2
PDX,OO,7937,5.49,4.44,0.57,-2.6,3
PDX,DL,5180,6.24,-1.67,0.89,-1.85,4
PDX,G4,226,8.05,3.28,0.00,-0.04,5
PDX,WN,7121,8.83,2.63,0.48,0.74,6
PDX,HA,534,10.32,7.27,0.94,2.23,7
PDX,UA,4795,10.5,4.51,1.36,2.41,8
PDX,NK,1275,15.5,9.45,2.12,7.41,9
PDX,AA,2722,16.7,10.06,1.73,8.61,10
PDX,F9,1308,18.2,17.96,2.45,10.11,11
PDX,B6,150,55.91,51.34,0.67,47.82,12
PGD,G4,4591,12.25,9.5,1.87,0.0,1
PHL,YX,6395,3.58,-0.25,2.03,-12.54,1
PHL,B6,776,6.12,1.52,1.93,-10.0,2
PHL,UA,2706,9.59,4.26,1.29,-6.53,3
PHL,9E,98,10.57,3.21,0.00,-5.55,4
PHL,DL,4212,11.84,3.28,1.04,-4.28,5
PHL,AS,435,12.57,13.33,1.61,-3.55,6
PHL,OH,9006,13.79,10.35,1.45,-2.33,7
PHL,WN,3727,14.51,6.82,0.64,-1.61,8
PHL,NK,3373,16.53,8.67,2.16,0.41,9
PHL,AA,32507,18.9,13.39,1.79,2.78,10
PHL,F9,8337,23.31,19.8,2.77,7.19,11
PHL,OO,133,28.17,20.09,0.75,12.05,12
PHX,OO,19050,5.1,2.06,0.22,-6.06,1
PHX,MQ,6181,5.11,0.73,0.32,-6.05,2
PHX,AS,3684,5.35,4.79,1.90,-5.81,3
PHX,UA,7465,8.77,2.63,1.63,-2.39,4
PHX,HA,275,9.47,8.01,0.36,-1.69,5
PHX,DL,7636,9.78,2.58,0.80,-1.38,6
PHX,WN,49685,12.11,5.28,0.47,0.95,7
PHX,F9,6981,13.74,11.05,1.13,2.58,8
PHX,AA,40394,13.93,9.22,0.57,2.77,9
PHX,NK,857,18.45,15.43,2.22,7.29,10
PHX,G4,316,19.65,15.17,0.95,8.49,11
PHX,B6,665,37.88,32.19,1.50,26.72,12
PIA,G4,751,9.8,6.91,1.86,-5.82,1
PIA,OH,686,13.39,12.93,1.60,-2.23,2
PIA,OO,798,20.34,16.09,2.01,4.72,3
PIA,MQ,443,20.4,15.39,1.35,4.78,4
PIB,OO,450,13.62,12.25,3.33,0.0,1
PIE,G4,6069,10.84,8.64,2.85,0.0,1
PIH,OO,512,-3.23,-8.73,0.00,0.0,1
PIT,YX,6989,0.44,-4.43,1.30,-9.36,1
PIT,DL,2486,6.04,-1.15,0.97,-3.76,2
PIT,AS,306,6.52,3.26,3.27,-3.28,3
PIT,OO,663,8.04,2.05,0.45,-1.76,4
PIT,MQ,500,8.41,4.94,1.40,-1.39,5
PIT,B6,858,8.93,6.61,1.98,-0.87,6
PIT,WN,7534,10.4,4.56,0.93,0.6,7
PIT,UA,2136,11.37,7.12,1.12,1.57,8
PIT,G4,998,12.32,9.36,2.30,2.52,9
PIT,9E,1264,14.92,9.4,2.61,5.12,10
PIT,OH,511,15.14,11.04,3.52,5.34,11
PIT,AA,4622,15.71,13.52,1.34,5.91,12
PIT,F9,394,18.23,24.67,4.82,8.43,13
PIT,NK,2489,21.45,14.84,3.46,11.65,14
PLN,OO,584,16.71,11.22,2.23,0.0,1
PNS,DL,1897,2.75,-2.6,0.63,-11.42,1
PNS,WN,1703,6.53,-0.06,0.47,-7.64,2
PNS,UA,497,7.15,1.58,1.21,-7.02,3
PNS,MQ,1146,8.62,6.33,1.40,-5.55,4
PNS,F9,298,14.74,13.16,2.68,0.57,5
PNS,NK,691,16.81,8.99,2.60,2.64,6
PNS,OH,1958,18.8,16.97,1.02,4.63,7
PNS,YX,71,23.13,19.8,1.41,8.96,8
PNS,9E,201,23.71,18.04,0.50,9.54,9
PNS,AA,1353,35.04,34.06,2.37,20.87,10
PNS,OO,130,38.75,37.15,0.00,24.58,11
PPG,HA,97,21.37,17.46,0.00,0.0,1
PQI,B6,78,8.97,6.12,0.00,0.0,1
PRC,OO,541,23.91,21.48,0.74,0.0,1
PSC,OO,2987,5.95,1.23,0.40,-0.76,1
PSC,G4,229,6.62,4.17,0.44,-0.09,2
PSC,AS,282,8.61,10.58,2.13,1.9,3
PSC,DL,297,12.67,4.1,0.67,5.96,4
PSE,B6,406,7.64,2.4,2.96,-1.15,1
PSE,F9,217,10.9,8.68,1.84,2.11,2
PSG,AS,526,0.68,-1.11,1.71,0.0,1
PSM,G4,229,21.73,18.43,1.75,0.0,1
PSP,AS,1099,4.44,3.0,4.19,-5.06,1
PSP,MQ,88,8.12,5.35,3.41,-1.38,2
PSP,OO,4032,8.21,7.27,0.72,-1.29,3
PSP,DL,469,8.36,0.65,0.43,-1.14,4
PSP,WN,1933,8.4,2.51,0.31,-1.1,5
PSP,F9,15,8.67,9.13,0.00,-0.83,6
PSP,G4,77,10.42,7.77,0.00,0.92,7
PSP,UA,1061,11.71,5.91,0.47,2.21,8
PSP,AA,1311,16.4,12.84,0.99,6.9,9
PSP,B6,54,45.64,40.02,1.85,36.14,10
PVD,YX,708,3.48,-1.53,0.85,-8.62,1
PVD,OO,410,6.56,5.01,0.73,-5.54,2
PVD,OH,1196,9.59,7.53,2.17,-2.51,3
PVD,WN,3555,10.41,2.19,1.04,-1.69,4
PVD,MQ,318,12.15,14.43,0.00,0.05,5
PVD,B6,1062,12.52,8.59,1.22,0.42,6
PVD,UA,93,14.05,12.6,1.08,1.95,7
PVD,9E,546,14.63,7.69,2.20,2.53,8
PVD,DL,957,15.2,6.39,0.94,3.1,9
PVD,AA,1648,17.85,13.27,1.03,5.75,10
PVD,G4,147,31.6,25.82,0.68,19.5,11
PVU,G4,1351,10.27,7.32,0.52,-2.52,1
PVU,OO,229,27.84,26.33,1.75,15.05,2
PWM,YX,2538,6.3,0.45,2.36,-6.67,1
PWM,UA,611,6.63,4.41,1.96,-6.34,2
PWM,MQ,221,6.69,5.96,0.90,-6.28,3
PWM,WN,1154,14.33,7.09,0.95,1.36,4
PWM,DL,529,14.42,8.11,1.70,1.45,5
PWM,OH,526,17.03,13.55,1.90,4.06,6
PWM,AA,1295,17.94,14.0,2.08,4.97,7
PWM,B6,260,19.1,15.1,4.62,6.13,8
PWM,F9,263,19.19,14.98,5.70,6.22,9
PWM,OO,336,19.54,12.28,0.89,6.57,10
PWM,9E,607,22.94,18.16,4.61,9.97,11
RAP,UA,761,7.41,4.34,1.71,-4.4,1
RAP,MQ,837,10.64,6.74,0.72,-1.17,2
RAP,DL,73,11.49,11.29,4.11,-0.32,3
RAP,OO,1524,13.06,6.71,1.12,1.25,4
RAP,G4,282,13.49,10.69,1.42,1.68,5
RAP,9E,142,13.83,9.57,0.00,2.02,6
RAP,AA,103,27.9,31.67,0.97,16.09,7
RDD,OO,1073,9.9,6.09,0.37,0.0,1
RDM,AS,347,4.93,9.35,3.17,-10.54,1
RDM,MQ,291,9.63,1.66,0.69,-5.84,2
RDM,OO,2848,11.87,10.59,2.14,-3.6,3
RDM,UA,792,26.75,20.48,1.14,11.28,4
RDM,AA,97,83.44,80.42,2.06,67.97,5
RDU,YX,4188,5.24,3.52,1.55,-8.19,1
RDU,MQ,912,5.78,2.32,1.43,-7.65,2
RDU,WN,6724,10.56,3.59,0.52,-2.87,3
RDU,DL,8156,11.54,3.9,0.82,-1.89,4
RDU,UA,4011,11.68,6.66,1.52,-1.75,5
RDU,9E,4722,12.98,8.28,2.99,-0.45,6
RDU,AS,372,14.64,11.77,1.61,1.21,7
RDU,OO,769,15.41,15.51,0.26,1.98,8
RDU,OH,650,16.68,13.76,1.54,3.25,9
RDU,B6,2350,17.75,13.29,1.45,4.32,10
RDU,F9,3375,18.9,17.32,2.99,5.47,11
RDU,AA,8373,19.25,15.08,1.66,5.82,12
RDU,NK,299,27.22,20.55,2.01,13.79,13
RFD,G4,563,19.54,15.41,1.78,0.0,1
RHI,OO,473,13.95,8.33,0.85,0.0,1
RIC,UA,655,2.04,-1.28,1.22,-11.46,1
RIC,YX,1743,5.6,4.24,1.95,-7.9,2
RIC,MQ,149,7.51,3.28,0.67,-5.99,3
RIC,DL,1982,8.12,1.59,0.61,-5.38,4
RIC,WN,1447,9.49,2.62,0.07,-4.01,5
RIC,OH,353,10.93,8.02,0.57,-2.57,6
RIC,9E,1435,13.3,8.86,3.55,-0.2,7
RIC,B6,1254,16.27,9.46,1.36,2.77,8
RIC,OO,499,17.38,11.47,0.00,3.88,9
RIC,AA,2688,21.77,17.15,1.64,8.27,10
RIC,NK,807,22.26,14.01,1.86,8.76,11
RIC,G4,215,37.9,29.79,1.86,24.4,12
RIW,OO,459,12.6,9.43,1.96,0.0,1
RKS,OO,425,20.55,16.03,1.41,0.0,1
RNO,AS,446,5.5,6.33,0.67,-5.2,1
RNO,NK,843,7.94,4.67,1.90,-2.76,2
RNO,WN,6488,8.64,3.06,0.51,-2.06,3
RNO,OO,3126,9.46,7.95,0.67,-1.24,4
RNO,DL,745,11.39,3.68,0.94,0.69,5
RNO,MQ,210,11.86,9.73,0.48,1.16,6
RNO,UA,1633,12.21,7.71,1.29,1.51,7
RNO,AA,1746,19.92,15.22,1.55,9.22,8
RNO,B6,173,25.45,23.09,2.89,14.75,9
RNO,G4,3,67.33,73.0,0.00,56.63,10
ROA,DL,314,9.87,1.05,0.96,-6.13,1
ROA,9E,706,12.66,5.0,2.12,-3.34,2
ROA,OH,180,18.0,19.87,0.56,2.0,3
ROA,OO,541,18.01,17.1,1.85,2.01,4
ROA,G4,183,20.35,17.36,3.83,4.35,5
ROA,YX,224,25.7,25.69,6.70,9.7,6
ROC,YX,715,2.52,-2.75,1.82,-9.43,1
ROC,OO,372,5.66,0.29,0.27,-6.29,2
ROC,MQ,637,6.58,3.18,0.47,-5.37,3
ROC,OH,527,9.8,8.37,1.71,-2.15,4
ROC,9E,1896,10.27,2.65,3.27,-1.68,5
ROC,UA,737,10.53,7.75,1.36,-1.42,6
ROC,WN,1393,12.98,6.05,0.50,1.03,7
ROC,NK,355,14.03,4.98,1.69,2.08,8
ROC,DL,754,16.35,6.19,0.93,4.4,9
ROC,B6,572,18.75,14.64,2.80,6.8,10
ROC,AA,644,22.74,20.08,1.71,10.79,11
ROC,G4,51,43.2,33.9,1.96,31.25,12
ROW,MQ,120,16.0,9.62,0.83,-8.66,1
ROW,OO,604,26.41,23.82,2.65,1.75,2
RST,YX,11,-6.91,-9.64,0.00,-19.67,1
RST,MQ,237,6.99,3.08,0.00,-5.77,2
RST,OO,598,14.57,9.05,0.84,1.81,3
RST,9E,164,15.95,13.3,3.05,3.19,4
RSW,AS,124,7.89,4.32,3.23,-6.21,1
RSW,UA,3983,8.15,3.45,3.16,-5.95,2
RSW,9E,13,10.31,4.62,0.00,-3.79,3
RSW,DL,5304,11.75,7.81,1.75,-2.35,4
RSW,WN,5521,12.15,8.02,2.06,-1.95,5
RSW,NK,1794,13.48,10.44,2.51,-0.62,6
RSW,YX,70,15.11,10.03,0.00,1.01,7
RSW,AA,4040,17.49,14.56,2.40,3.39,8
RSW,F9,1780,19.09,14.78,3.65,4.99,9
RSW,OH,19,21.06,19.67,5.26,6.96,10
RSW,B6,2790,23.3,20.16,2.62,9.2,11
RSW,MQ,60,23.37,27.46,1.67,9.27,12
SAF,OO,2002,15.35,11.38,1.70,-0.5,1
SAF,MQ,70,30.17,29.78,1.43,14.32,2
SAN,AS,7546,9.01,8.9,2.69,-4.02,1
SAN,UA,7346,9.94,5.95,2.21,-3.09,2
SAN,OO,9226,10.84,12.14,0.90,-2.19,3
SAN,DL,6862,10.94,5.73,0.82,-2.09,4
SAN,NK,2141,12.55,9.67,2.15,-0.48,5
SAN,WN,25622,13.77,9.01,0.88,0.74,6
SAN,HA,537,16.81,16.52,0.74,3.78,7
SAN,AA,6609,18.77,14.58,1.20,5.74,8
SAN,G4,143,19.21,20.93,1.40,6.18,9
SAN,B6,1232,19.46,16.45,0.24,6.43,10
SAN,F9,2475,21.26,22.47,2.06,8.23,11
SAT,UA,4134,8.86,3.63,1.64,-3.11,1
SAT,WN,12287,9.08,3.46,0.71,-2.89,2
SAT,AS,470,9.99,7.51,0.85,-1.98,3
SAT,DL,4526,11.48,5.03,0.82,-0.49,4
SAT,OO,765,11.77,9.53,0.65,-0.2,5
SAT,MQ,190,15.39,10.8,0.53,3.42,6
SAT,YX,9,16.22,6.0,0.00,4.25,7
SAT,AA,5980,16.3,14.34,1.94,4.33,8
SAT,NK,1563,18.82,11.46,2.37,6.85,9
SAT,F9,483,22.58,15.47,3.31,10.61,10
SAT,B6,411,32.82,27.54,1.95,20.85,11
SAT,G4,16,84.0,85.38,0.00,72.03,12
SAV,OO,288,4.74,1.96,2.78,-7.37,1
SAV,YX,830,5.8,0.61,1.08,-6.31,2
SAV,F9,120,6.26,7.53,2.50,-5.85,3
SAV,DL,2481,8.0,1.66,0.81,-4.11,4
SAV,MQ,736,9.7,5.86,0.68,-2.41,5
SAV,OH,2601,10.26,5.3,1.23,-1.85,6
SAV,WN,2102,10.55,5.68,0.67,-1.56,7
SAV,UA,931,11.27,5.84,1.50,-0.84,8
SAV,9E,1369,14.08,6.56,3.51,1.97,9
SAV,G4,604,15.81,13.79,1.16,3.7,10
SAV,B6,670,16.02,12.39,0.90,3.91,11
SAV,AA,1423,27.34,21.06,2.18,15.23,12
SBA,AS,240,0.57,-0.13,1.25,-11.23,1
SBA,MQ,223,1.87,-2.22,0.45,-9.93,2
SBA,WN,1405,7.46,0.91,1.07,-4.34,3
SBA,OO,1335,10.46,7.34,1.35,-1.34,4
SBA,UA,1144,14.44,9.73,2.27,2.64,5
SBA,DL,468,14.55,7.85,0.43,2.75,6
SBA,AA,792,22.59,19.07,1.01,10.79,7
SBN,AA,1,-10.0,7.0,0.00,-25.5,1
SBN,9E,4,-6.0,-13.5,0.00,-21.5,2
SBN,UA,21,9.29,1.71,0.00,-6.21,3
SBN,YX,49,11.85,8.94,2.04,-3.65,4
SBN,OH,865,12.44,9.0,0.92,-3.06,5
SBN,G4,518,12.86,9.76,2.70,-2.64,6
SBN,OO,3247,16.88,11.76,1.82,1.38,7
SBP,MQ,109,1.69,-1.79,0.00,-8.91,1
SBP,AS,41,6.83,6.22,0.00,-3.77,2
SBP,OO,2915,7.42,6.06,1.17,-3.18,3
SBP,UA,252,11.0,4.79,0.79,0.4,4
SBP,AA,578,28.26,23.4,0.35,17.66,5
SCC,AS,391,-4.91,-5.13,2.81,0.0,1
SCE,YX,6,-1.67,10.5,0.00,-15.2,1
SCE,OH,11,-1.44,0.0,18.18,-14.97,2
SCE,OO,408,14.1,10.12,1.72,0.57,3
SCK,G4,383,24.36,24.61,0.26,0.0,1
SDF,YX,4634,1.45,-1.74,0.93,-7.63,1
SDF,DL,1778,4.02,-2.66,0.96,-5.06,2
SDF,WN,3790,7.36,1.52,0.79,-1.72,3
SDF,MQ,1158,10.74,8.24,1.12,1.66,4
SDF,OO,1392,11.94,7.55,0.79,2.86,5
SDF,UA,601,12.01,6.38,1.00,2.93,6
SDF,9E,136,14.65,12.89,2.21,5.57,7
SDF,OH,1201,15.26,12.79,1.33,6.18,8
SDF,G4,511,20.35,16.75,2.35,11.27,9
SDF,NK,637,20.38,13.95,1.26,11.3,10
SDF,AA,1916,20.84,18.9,2.14,11.76,11
SEA,OO,19679,6.88,4.35,0.42,-2.91,1
SEA,DL,22717,8.8,2.9,0.62,-0.99,2
SEA,AS,57568,9.49,6.85,1.59,-0.3,3
SEA,UA,6543,10.82,5.69,1.76,1.03,4
SEA,WN,6108,14.08,6.78,0.21,4.29,5
SEA,MQ,372,16.91,7.67,0.00,7.12,6
SEA,NK,694,17.69,10.7,0.86,7.9,7
SEA,AA,3905,17.91,10.94,1.49,8.12,8
SEA,HA,552,18.33,16.09,2.54,8.54,9
SEA,F9,1077,21.36,16.61,2.04,11.57,10
SEA,B6,532,23.67,16.76,0.75,13.88,11
SFB,G4,6911,13.83,11.56,1.69,0.0,1
SFO,HA,555,6.98,6.31,1.80,-7.97,1
SFO,AS,8249,10.97,8.36,2.85,-3.98,2
SFO,UA,36724,12.41,4.21,1.47,-2.54,3
SFO,OO,23527,13.18,8.67,1.47,-1.77,4
SFO,DL,9182,15.86,6.88,0.65,0.91,5
SFO,B6,2832,17.02,11.48,0.49,2.07,6
SFO,MQ,35,20.09,11.06,0.00,5.14,7
SFO,WN,5538,21.87,15.45,0.47,6.92,8
SFO,AA,7518,22.33,16.21,1.08,7.38,9
SFO,F9,3402,33.72,31.22,2.23,18.77,10
SGF,9E,463,7.65,1.7,0.22,-9.2,1
SGF,DL,274,13.88,5.4,0.73,-2.97,2
SGF,MQ,2924,14.13,11.25,1.37,-2.72,3
SGF,G4,632,18.21,14.63,1.42,1.36,4
SGF,OO,1821,20.1,14.89,0.88,3.25,5
SGF,OH,734,25.31,23.7,0.82,8.46,6
SGU,OO,2148,6.9,2.06,0.23,0.0,1
SHR,OO,497,4.62,5.43,1.61,0.0,1
SHV,9E,867,6.21,-0.55,1.96,-7.07,1
SHV,MQ,618,11.42,6.56,1.94,-1.86,2
SHV,OO,459,15.53,10.27,0.87,2.25,3
SHV,OH,1271,17.64,15.23,2.28,4.36,4
SHV,G4,109,19.77,15.12,1.83,6.49,5
SIT,AS,969,-2.45,-2.76,1.55,-3.3,1
SIT,OO,64,53.2,48.35,6.25,52.35,2
SJC,HA,479,0.56,-3.97,0.63,-6.0,1
SJC,OO,6385,2.4,0.22,0.19,-4.16,2
SJC,AS,2085,2.61,-0.32,2.54,-3.95,3
SJC,MQ,273,2.68,-3.16,0.73,-3.88,4
SJC,UA,1529,4.92,-2.61,1.64,-1.64,5
SJC,DL,1585,5.72,-2.96,0.63,-0.84,6
SJC,WN,21266,7.51,1.52,0.55,0.95,7
SJC,F9,450,8.43,9.73,0.67,1.87,8
SJC,NK,1922,10.96,8.41,1.25,4.4,9
SJC,AA,1092,14.39,8.53,1.01,7.83,10
SJC,B6,126,42.2,31.28,2.38,35.64,11
SJT,OO,267,11.04,10.17,1.87,-0.46,1
SJT,MQ,551,11.71,9.95,2.00,0.21,2
SJU,DL,2601,8.48,5.61,0.38,-10.03,1
SJU,WN,2936,10.32,8.49,0.82,-8.19,2
SJU,UA,2241,12.64,10.36,1.70,-5.87,3
SJU,NK,3372,17.07,12.88,2.37,-1.44,4
SJU,AA,2934,21.71,21.82,0.51,3.2,5
SJU,F9,4248,22.33,21.86,2.19,3.82,6
SJU,B6,7215,24.44,16.73,1.15,5.93,7
SJU,MQ,11,25.55,26.0,0.00,7.04,8
SLC,OO,23267,4.43,0.4,0.31,-4.99,1
SLC,AS,881,6.81,4.26,1.70,-2.61,2
SLC,HA,166,6.99,2.48,0.00,-2.43,3
SLC,MQ,93,8.56,-5.27,0.00,-0.86,4
SLC,DL,39822,10.1,4.86,0.66,0.68,5
SLC,WN,8880,11.88,5.23,0.37,2.46,6
SLC,UA,2942,11.96,6.75,1.70,2.54,7
SLC,NK,903,13.02,7.43,1.11,3.6,8
SLC,F9,2338,17.83,16.16,2.35,8.41,9
SLC,B6,1084,18.91,13.67,0.83,9.49,10
SLC,AA,2760,20.52,15.23,1.52,11.1,11
SLN,OO,531,12.66,9.83,1.88,0.0,1
SMF,MQ,176,2.75,-2.78,0.00,-6.23,1
SMF,OO,6403,4.93,1.69,0.41,-4.05,2
SMF,DL,2335,5.63,-1.23,0.69,-3.35,3
SMF,AS,868,6.03,4.21,1.61,-2.95,4
SMF,HA,673,6.04,4.05,0.59,-2.94,5
SMF,UA,2929,6.5,0.43,1.47,-2.48,6
SMF,F9,601,8.68,9.13,1.83,-0.3,7
SMF,WN,22696,9.37,3.36,0.52,0.39,8
SMF,NK,1321,11.12,8.15,1.67,2.14,9
SMF,AA,2553,18.36,12.53,1.53,9.38,10
SMF,B6,273,50.93,44.69,1.10,41.95,11
SMX,G4,80,45.73,44.14,0.00,0.0,1
SNA,AS,3022,2.14,0.97,1.26,-8.69,1
SNA,NK,907,6.79,4.46,1.98,-4.04,2
SNA,UA,4256,7.76,1.88,0.78,-3.07,3
SNA,WN,10858,8.44,0.53,0.66,-2.39,4
SNA,DL,3400,12.66,5.41,0.47,1.83,5
SNA,OO,3008,13.11,14.5,1.20,2.28,6
SNA,F9,805,13.26,11.11,2.36,2.43,7
SNA,AA,4570,19.68,13.23,1.25,8.85,8
SNA,G4,810,27.84,24.43,1.36,17.01,9
SPI,G4,84,25.83,24.38,2.38,0.0,1
SPN,UA,268,-0.96,-4.44,0.37,0.0,1
SPS,MQ,83,10.06,1.96,1.20,-3.01,1
SPS,OO,440,13.65,10.11,2.27,0.58,2
SRQ,G4,1834,8.31,5.67,4.47,-4.79,1
SRQ,WN,3124,10.25,4.98,4.16,-2.85,2
SRQ,UA,1212,11.34,7.22,3.47,-1.76,3
SRQ,YX,161,12.12,13.11,3.73,-0.98,4
SRQ,DL,2201,13.0,9.46,3.45,-0.1,5
SRQ,B6,549,14.39,12.23,3.83,1.29,6
SRQ,AA,1996,18.32,16.18,3.36,5.22,7
SRQ,OH,276,18.97,14.9,3.99,5.87,8
SRQ,F9,392,24.99,25.15,5.10,11.89,9
SRQ,MQ,11,32.0,22.0,0.00,18.9,10
SRQ,OO,37,79.81,80.17,2.70,66.71,11
STC,G4,89,23.11,14.21,2.25,0.0,1
STL,AS,521,4.45,1.72,0.96,-7.36,1
STL,YX,1468,5.15,-0.18,1.29,-6.66,2
STL,9E,1076,5.8,-1.39,3.25,-6.01,3
STL,DL,4081,6.25,0.21,0.74,-5.56,4
STL,MQ,1352,10.76,7.17,2.14,-1.05,5
STL,WN,30690,11.63,5.37,0.76,-0.18,6
STL,UA,2240,14.51,11.95,1.38,2.7,7
STL,AA,5248,16.05,14.2,1.77,4.24,8
STL,OH,324,17.02,14.93,1.54,5.21,9
STL,OO,427,17.65,12.59,1.41,5.84,10
STL,F9,766,27.86,22.98,3.00,16.05,11
STL,NK,313,28.8,23.18,4.47,16.99,12
STS,MQ,173,6.64,3.18,0.00,-3.12,1
STS,OO,2222,7.42,8.85,0.54,-2.34,2
STS,AS,243,9.0,9.27,1.23,-0.76,3
STS,AA,130,55.17,56.8,0.00,45.41,4
STT,UA,547,6.87,4.65,1.10,-12.52,1
STT,F9,52,9.69,22.46,0.00,-9.7,2
STT,NK,748,16.47,11.64,1.60,-2.92,3
STT,B6,488,17.73,14.73,1.84,-1.66,4
STT,DL,628,20.06,18.36,0.96,0.67,5
STT,AA,1453,26.22,25.85,0.96,6.83,6
STX,F9,16,1.31,11.38,0.00,-14.9,1
STX,DL,78,9.81,4.39,1.28,-6.4,2
STX,B6,14,14.21,20.43,0.00,-2.0,3
STX,AA,551,17.09,17.89,0.73,0.88,4
STX,NK,197,17.64,18.38,2.54,1.43,5
SUN,OO,1439,12.52,9.3,1.25,0.0,1
SUX,OO,529,21.98,19.78,1.70,0.0,1
SWF,G4,286,26.68,22.08,2.45,0.0,1
SWO,MQ,116,9.4,5.79,0.86,-3.07,1
SWO,OO,423,13.32,9.76,2.60,0.85,2
SYR,YX,996,4.31,0.83,1.81,-6.87,1
SYR,9E,1372,5.39,-0.99,2.41,-5.79,2
SYR,UA,667,5.43,3.68,1.05,-5.75,3
SYR,MQ,602,6.13,3.21,0.83,-5.05,4
SYR,DL,811,9.59,1.19,0.86,-1.59,5
SYR,B6,970,11.74,8.18,2.58,0.56,6
SYR,WN,618,12.2,4.56,0.32,1.02,7
SYR,OO,832,13.99,9.66,1.20,2.81,8
SYR,AA,1220,15.66,12.25,1.31,4.48,9
SYR,OH,349,21.17,21.26,0.86,9.99,10
SYR,F9,326,22.26,18.07,3.99,11.08,11
SYR,G4,462,26.09,19.08,1.95,14.91,12
TLH,DL,1037,1.54,-4.55,1.16,-7.95,1
TLH,B6,227,7.91,2.45,2.64,-1.58,2
TLH,9E,440,10.2,9.05,2.73,0.71,3
TLH,MQ,2122,10.44,8.92,1.65,0.95,4
TLH,YX,32,16.39,17.19,3.13,6.9,5
TLH,OH,683,18.46,16.05,2.20,8.97,6
TOL,G4,262,20.22,15.08,1.53,0.0,1
TPA,YX,16,1.44,0.13,0.00,-13.07,1
TPA,NK,4327,8.95,6.06,2.96,-5.56,2
TPA,WN,17972,12.58,7.78,2.23,-1.93,3
TPA,UA,6292,12.89,8.9,3.12,-1.62,4
TPA,MQ,948,13.58,11.63,2.53,-0.93,5
TPA,DL,9481,14.09,8.95,2.06,-0.42,6
TPA,F9,4810,16.59,13.12,2.79,2.08,7
TPA,AA,9513,18.12,15.13,2.82,3.61,8
TPA,B6,3847,20.86,15.68,2.60,6.35,9
TPA,AS,769,20.99,18.87,4.94,6.48,10
TPA,9E,5,108.0,123.4,0.00,93.49,11
TRI,9E,819,3.14,-4.85,0.61,-5.05,1
TRI,MQ,322,6.37,-1.12,0.93,-1.82,2
TRI,OO,105,14.03,7.15,0.95,5.84,3
TRI,OH,125,15.93,11.74,3.20,7.74,4
TRI,DL,113,19.0,8.37,0.00,10.81,5
TRI,G4,114,25.68,24.61,3.51,17.49,6
TTN,F9,1190,19.59,13.7,3.36,0.0,1
TUL,UA,367,1.16,4.53,1.09,-7.32,1
TUL,YX,504,2.75,-0.52,1.79,-5.73,2
TUL,MQ,1242,5.36,1.89,1.37,-3.12,3
TUL,DL,1017,5.77,-2.27,0.79,-2.71,4
TUL,WN,4099,5.81,-0.23,0.59,-2.67,5
TUL,OO,2518,6.07,2.13,0.68,-2.41,6
TUL,9E,177,7.98,1.35,0.00,-0.5,7
TUL,OH,559,18.67,17.02,1.07,10.19,8
TUL,AA,1768,19.74,17.23,2.04,11.26,9
TUL,G4,295,22.0,16.38,0.68,13.52,10
TUS,MQ,580,1.81,-0.24,0.69,-7.25,1
TUS,DL,804,7.31,-1.07,0.75,-1.75,2
TUS,OO,5908,7.63,5.67,0.37,-1.43,3
TUS,AS,390,9.14,10.84,0.51,0.08,4
TUS,WN,3308,9.28,3.06,0.57,0.22,5
TUS,UA,806,12.55,5.35,1.12,3.49,6
TUS,AA,2437,13.44,10.82,1.93,4.38,7
TVC,YX,296,8.22,9.3,1.35,-7.84,1
TVC,DL,316,9.79,3.37,2.22,-6.27,2
TVC,MQ,486,10.06,6.37,0.41,-6.0,3
TVC,OH,123,11.79,7.9,0.00,-4.27,4
TVC,9E,183,12.19,9.43,1.09,-3.87,5
TVC,UA,433,14.89,13.75,0.92,-1.17,6
TVC,OO,845,21.41,19.78,1.66,5.35,7
TVC,G4,213,24.6,19.67,2.82,8.54,8
TVC,AA,63,58.17,55.56,0.00,42.11,9
TWF,OO,525,-0.86,-5.89,0.38,0.0,1
TXK,OO,228,18.98,17.8,4.82,-1.09,1
TXK,MQ,321,20.81,18.89,0.93,0.74,2
TYR,MQ,154,16.5,11.59,1.30,-1.23,1
TYR,OO,651,18.02,13.87,2.46,0.29,2
TYS,UA,238,3.17,-2.64,0.84,-6.99,1
TYS,9E,2060,4.12,-2.92,1.94,-6.04,2
TYS,DL,1028,5.12,-3.62,1.07,-5.04,3
TYS,YX,541,6.51,4.05,1.85,-3.65,4
TYS,MQ,771,9.41,7.57,0.91,-0.75,5
TYS,OH,2725,9.73,8.2,1.50,-0.43,6
TYS,OO,1079,10.88,7.51,1.76,0.72,7
TYS,G4,2009,13.9,10.38,2.09,3.74,8
TYS,F9,184,20.12,17.86,1.09,9.96,9
TYS,AA,1062,22.46,16.52,2.35,12.3,10
USA,G4,519,26.64,23.49,2.12,0.0,1
VCT,OO,463,16.67,10.67,2.81,0.0,1
VEL,OO,36,31.36,25.33,0.00,0.0,1
VLD,OO,41,-0.29,-1.95,0.00,-9.61,1
VLD,9E,510,10.11,5.79,1.96,0.79,2
VPS,YX,55,-4.36,-8.04,0.00,-17.83,1
VPS,WN,1427,8.64,2.78,0.49,-4.83,2
VPS,DL,1888,9.25,2.39,0.58,-4.22,3
VPS,OH,523,10.93,11.47,2.10,-2.54,4
VPS,G4,1627,13.46,9.23,1.23,-0.01,5
VPS,MQ,284,17.41,13.74,2.82,3.94,6
VPS,9E,15,20.29,24.29,6.67,6.82,7
VPS,AA,1429,24.76,23.31,1.47,11.29,8
WRG,AS,531,-0.97,-3.35,1.69,0.0,1
WYS,OO,220,11.22,7.27,0.45,0.0,1
XNA,DL,418,3.43,-5.23,0.48,-7.25,1
XNA,YX,603,5.09,0.52,1.33,-5.59,2
XNA,9E,1441,6.35,1.1,0.69,-4.33,3
XNA,UA,164,6.46,4.17,0.00,-4.22,4
XNA,F9,140,7.9,8.1,0.00,-2.78,5
XNA,OO,1743,8.27,4.67,0.69,-2.41,6
XNA,MQ,4011,10.6,8.16,0.80,-0.08,7
XNA,AA,967,20.2,20.01,0.83,9.52,8
XNA,OH,150,21.05,19.27,2.67,10.37,9
XNA,G4,623,22.8,18.79,1.12,12.12,10
XWA,OO,1400,22.88,19.16,1.57,0.0,1
YAK,AS,513,0.4,-1.46,2.34,0.0,1
YUM,MQ,437,4.78,1.09,0.69,-5.54,1
YUM,OO,841,13.2,10.98,0.36,2.88,2
