aeroporto_partenza,compagnia,numero_voli,ritardo_medio_partenza,ritardo_medio_arrivo,tasso_cancellazione,differenza,classifica
ABE,9E,90,6.08,0.72,0.0,-6.43,1
ABE,G4,173,10.38,4.92,0.58,-2.13,2
ABE,OH,90,17.09,7.58,0.0,4.58,3
ABE,OO,19,48.13,43.8,21.05,35.62,4
ABI,MQ,156,8.28,5.9,1.92,0.0,1
ABQ,DL,144,-1.51,-8.35,0.0,-9.78,1
ABQ,OO,401,1.7,-1.86,0.25,-6.57,2
ABQ,MQ,85,3.23,2.06,1.18,-5.04,3
ABQ,AS,39,3.36,1.05,0.0,-4.91,4
ABQ,UA,197,5.84,1.6,0.51,-2.43,5
ABQ,WN,1168,10.14,3.96,0.6,1.87,6
ABQ,AA,291,15.42,12.73,1.03,7.15,7
ABQ,NK,56,18.48,13.7,0.0,10.21,8
ABQ,B6,23,22.22,19.35,0.0,13.95,9
ABR,OO,53,33.57,26.17,0.0,0.0,1
ABY,OO,84,5.96,6.82,1.19,-3.62,1
ABY,9E,2,159.5,147.0,0.0,149.92,2
ACK,OO,4,1.0,-16.67,25.0,-8.11,1
ACK,B6,97,6.15,2.91,1.03,-2.96,2
ACK,YX,56,15.0,16.76,12.5,5.89,3
ACK,MQ,3,15.67,22.67,0.0,6.56,4
ACT,MQ,35,10.42,9.36,5.71,-2.93,1
ACT,OO,74,14.69,15.94,2.7,1.34,2
ACV,OO,176,14.9,11.97,0.57,0.0,1
ACY,NK,312,9.57,2.9,0.96,0.0,1
ADK,AS,8,17.88,14.25,0.0,0.0,1
ADQ,AS,78,5.76,4.12,2.56,0.0,1
AEX,MQ,3,-2.33,2.33,0.0,-9.35,1
AEX,9E,69,1.84,-4.38,0.0,-5.18,2
AEX,OO,94,11.36,9.48,5.32,4.34,3
AGS,AA,2,-3.0,-3.0,0.0,-21.84,1
AGS,DL,17,-0.35,-7.94,0.0,-19.19,2
AGS,YX,5,12.4,4.6,0.0,-6.44,3
AGS,9E,160,14.18,8.52,1.88,-4.66,4
AGS,MQ,23,19.78,14.96,0.0,0.94,5
AGS,OH,152,22.09,20.39,2.63,3.25,6
AGS,OO,34,37.97,30.67,2.94,19.13,7
AKN,AS,12,-3.17,0.42,0.0,0.0,1
ALB,MQ,19,-0.63,-2.21,0.0,-14.52,1
ALB,YX,32,1.91,-4.63,0.0,-11.98,2
ALB,9E,81,4.91,-2.43,4.94,-8.98,3
ALB,OH,107,8.83,8.51,6.54,-5.06,4
ALB,WN,369,10.0,2.21,1.36,-3.89,5
ALB,UA,83,15.72,14.15,2.41,1.83,6
ALB,DL,108,17.66,8.77,1.85,3.77,7
ALB,B6,73,18.06,12.22,4.11,4.17,8
ALB,OO,76,21.46,19.11,0.0,7.57,9
ALB,G4,52,21.59,12.39,1.92,7.7,10
ALB,AA,128,25.4,22.73,0.78,11.51,11
ALW,OO,50,0.16,3.08,2.0,0.0,1
AMA,WN,203,6.34,0.3,0.99,-2.37,1
AMA,MQ,234,8.75,6.49,1.71,0.04,2
AMA,OO,90,12.66,9.15,1.11,3.95,3
AMA,AA,15,16.4,15.73,0.0,7.69,4
ANC,AS,1425,5.87,3.4,1.96,-2.08,1
ANC,UA,109,12.61,2.58,1.83,4.66,2
ANC,DL,195,16.77,9.12,0.51,8.82,3
ANC,AA,51,21.65,10.41,0.0,13.7,4
APN,OO,66,19.65,13.38,1.52,0.0,1
ASE,OO,710,26.12,22.23,6.48,0.0,1
ATL,YX,126,3.06,0.32,1.59,-8.11,1
ATL,9E,2679,8.01,3.34,1.16,-3.16,2
ATL,DL,22881,9.06,5.32,0.83,-2.11,3
ATL,AS,117,9.7,8.19,0.85,-1.47,4
ATL,WN,3329,12.43,6.35,0.51,1.26,5
ATL,UA,774,13.42,8.98,1.68,2.25,6
ATL,MQ,69,14.0,9.8,0.0,2.83,7
ATL,OH,247,15.49,12.22,0.81,4.32,8
ATL,B6,322,17.01,12.68,1.55,5.84,9
ATL,NK,995,21.39,15.16,2.31,10.22,10
ATL,OO,823,22.34,16.18,0.85,11.17,11
ATL,AA,770,24.53,21.51,1.69,13.36,12
ATL,F9,1162,28.09,23.64,2.32,16.92,13
ATW,9E,19,-4.26,-7.53,0.0,-19.56,1
ATW,DL,40,-3.28,-8.65,0.0,-18.58,2
ATW,G4,119,6.33,1.72,2.52,-8.97,3
ATW,OO,355,20.18,16.93,3.1,4.88,4
ATW,MQ,72,22.22,15.38,4.17,6.92,5
AUS,YX,10,-2.4,-3.6,0.0,-17.28,1
AUS,OH,5,-0.8,-9.4,0.0,-15.68,2
AUS,HA,18,8.0,16.56,0.0,-6.88,3
AUS,9E,39,11.13,7.72,0.0,-3.75,4
AUS,WN,3724,11.74,5.4,0.56,-3.14,5
AUS,AS,250,12.19,9.72,2.8,-2.69,6
AUS,UA,895,14.72,9.17,1.68,-0.16,7
AUS,DL,1090,15.03,8.09,1.19,0.15,8
AUS,F9,71,16.79,11.75,4.23,1.91,9
AUS,MQ,225,16.81,15.88,1.78,1.93,10
AUS,G4,105,18.28,10.08,3.81,3.4,11
AUS,AA,1339,18.78,15.82,1.72,3.9,12
AUS,OO,364,24.02,20.49,0.27,9.14,13
AUS,NK,126,25.91,19.28,1.59,11.03,14
AUS,B6,73,43.43,30.65,1.37,28.55,15
AVL,YX,106,-1.19,-5.66,5.66,-19.33,1
AVL,UA,15,4.64,-0.36,6.67,-13.5,2
AVL,OH,170,6.5,7.95,2.94,-11.64,3
AVL,9E,51,9.48,1.12,1.96,-8.66,4
AVL,OO,68,11.74,12.88,0.0,-6.4,5
AVL,DL,230,12.68,4.0,3.04,-5.46,6
AVL,G4,327,25.28,22.08,3.98,7.14,7
AVL,MQ,115,29.42,25.48,1.74,11.28,8
AVL,B6,8,44.25,44.5,0.0,26.11,9
AVL,AA,58,61.85,56.36,5.17,43.71,10
AVP,OH,15,9.0,-0.27,0.0,-5.84,1
AVP,AA,86,15.06,10.15,2.33,0.22,2
AVP,MQ,45,16.04,13.13,0.0,1.2,3
AVP,OO,3,20.0,47.67,0.0,5.16,4
AZA,G4,571,3.42,-1.44,0.53,0.0,1
AZO,9E,1,-6.0,-11.0,0.0,-25.08,1
AZO,OO,80,19.39,14.04,1.25,0.31,2
BDL,YX,55,-4.22,-10.47,0.0,-17.85,1
BDL,9E,36,0.19,-6.89,0.0,-13.44,2
BDL,DL,371,7.0,-1.0,0.0,-6.63,3
BDL,UA,196,9.98,5.73,0.51,-3.65,4
BDL,MQ,51,12.06,4.12,0.0,-1.57,5
BDL,AA,391,12.17,6.92,2.3,-1.46,6
BDL,WN,412,12.48,4.98,0.24,-1.15,7
BDL,OH,145,16.55,12.23,4.14,2.92,8
BDL,B6,295,18.41,12.62,2.71,4.78,9
BDL,NK,55,25.41,23.06,1.82,11.78,10
BDL,F9,84,39.72,35.9,3.57,26.09,11
BDL,OO,7,188.57,193.29,0.0,174.94,12
BET,AS,72,11.14,15.23,4.17,0.0,1
BFF,OO,56,9.33,9.37,7.14,0.0,1
BFL,MQ,39,-1.03,-5.1,0.0,-9.61,1
BFL,AA,95,10.17,7.92,0.0,1.59,2
BFL,OO,129,10.32,2.59,0.0,1.74,3
BGM,9E,33,8.03,-0.63,3.03,0.0,1
BGR,MQ,16,4.06,8.25,0.0,-13.01,1
BGR,9E,114,4.43,-3.83,6.14,-12.64,2
BGR,OH,75,6.29,0.11,4.0,-10.78,3
BGR,OO,15,19.0,15.14,6.67,1.93,4
BGR,YX,106,21.61,17.42,7.55,4.54,5
BGR,G4,29,24.36,27.64,3.45,7.29,6
BGR,AA,58,46.23,47.21,1.72,29.16,7
BHM,NK,4,-7.75,-2.0,0.0,-19.03,1
BHM,YX,46,0.17,-0.04,0.0,-11.11,2
BHM,9E,105,5.28,0.0,6.67,-6.0,3
BHM,MQ,244,7.19,3.79,0.41,-4.09,4
BHM,DL,288,7.54,2.5,1.74,-3.74,5
BHM,WN,436,10.67,4.48,0.46,-0.61,6
BHM,AA,46,12.17,9.54,0.0,0.89,7
BHM,OH,374,15.81,12.1,0.8,4.53,8
BHM,OO,147,23.41,18.88,0.68,12.13,9
BIH,OO,32,24.03,14.96,9.38,0.0,1
BIL,OO,136,2.1,1.34,0.0,-7.2,1
BIL,UA,59,3.02,2.27,0.0,-6.28,2
BIL,MQ,92,4.39,4.46,0.0,-4.91,3
BIL,DL,71,19.28,15.1,2.82,9.98,4
BIL,G4,38,38.63,33.74,0.0,29.33,5
BIS,MQ,56,2.02,-2.29,0.0,-14.92,1
BIS,DL,55,5.35,-2.91,0.0,-11.59,2
BIS,G4,47,10.22,1.74,2.13,-6.72,3
BIS,OO,199,25.68,19.42,1.01,8.74,4
BIS,9E,1,78.0,102.0,0.0,61.06,5
BJI,OO,61,11.48,6.28,0.0,0.0,1
BLI,G4,93,4.67,1.52,1.08,-5.31,1
BLI,OO,109,10.38,11.89,1.83,0.4,2
BLI,WN,51,18.73,7.08,0.0,8.75,3
BLV,G4,109,44.14,41.93,2.75,0.0,1
BMI,F9,5,-1.2,-0.4,0.0,-10.67,1
BMI,MQ,70,5.91,-1.1,1.43,-3.56,2
BMI,9E,65,8.84,1.46,3.08,-0.63,3
BMI,G4,26,22.46,17.46,0.0,12.99,4
BNA,YX,569,5.07,2.38,1.05,-7.51,1
BNA,DL,827,5.52,-0.26,0.73,-7.06,2
BNA,AS,105,7.45,2.34,1.9,-5.13,3
BNA,9E,125,8.93,4.51,1.6,-3.65,4
BNA,UA,634,9.01,4.9,1.42,-3.57,5
BNA,OH,222,9.1,7.84,0.9,-3.48,6
BNA,MQ,259,10.37,8.05,2.7,-2.21,7
BNA,WN,4989,11.28,4.25,0.9,-1.3,8
BNA,F9,74,13.22,10.82,0.0,0.64,9
BNA,G4,295,16.48,11.72,1.02,3.9,10
BNA,OO,372,20.1,17.71,1.08,7.52,11
BNA,B6,138,20.78,14.96,0.0,8.2,12
BNA,NK,345,25.58,17.85,4.35,13.0,13
BNA,AA,828,26.92,25.35,2.17,14.34,14
BOI,AS,61,-2.28,-3.08,0.0,-9.18,1
BOI,UA,143,4.31,0.17,3.5,-2.59,2
BOI,OO,1117,4.34,3.52,0.36,-2.56,3
BOI,WN,443,7.66,1.21,0.0,0.76,4
BOI,DL,263,9.17,3.67,1.14,2.27,5
BOI,MQ,41,9.78,5.27,0.0,2.88,6
BOI,AA,89,11.57,10.55,2.25,4.67,7
BOI,NK,66,15.14,11.78,1.52,8.24,8
BOI,G4,42,51.58,49.68,4.76,44.68,9
BOS,YX,2607,3.75,-0.44,1.92,-9.3,1
BOS,G4,37,7.83,1.03,5.41,-5.22,2
BOS,HA,23,10.04,6.65,0.0,-3.01,3
BOS,UA,1166,11.74,5.65,0.77,-1.31,4
BOS,DL,2365,13.38,5.88,0.76,0.33,5
BOS,WN,628,14.36,5.51,0.96,1.31,6
BOS,AA,1489,15.29,7.71,1.61,2.24,7
BOS,B6,3837,16.54,10.88,1.43,3.49,8
BOS,F9,149,17.26,17.18,3.36,4.21,9
BOS,AS,252,17.88,14.13,1.19,4.83,10
BOS,MQ,178,19.13,13.1,1.69,6.08,11
BOS,NK,652,20.24,13.43,3.22,7.19,12
BPT,OO,47,4.32,4.28,0.0,-8.67,1
BPT,MQ,23,30.7,27.04,0.0,17.71,2
BQK,OO,71,11.24,11.66,0.0,-0.52,1
BQK,9E,9,15.89,12.11,0.0,4.13,2
BQN,F9,46,6.7,-3.35,0.0,-6.6,1
BQN,B6,156,11.49,8.11,1.28,-1.81,2
BQN,UA,35,29.94,23.15,0.0,16.64,3
BRD,OO,51,1.8,-1.53,0.0,0.0,1
BRO,MQ,129,6.9,5.09,0.78,-7.69,1
BRO,OO,63,30.74,28.78,3.17,16.15,2
BRW,AS,32,9.97,11.74,3.13,0.0,1
BTM,OO,44,0.18,-5.84,0.0,0.0,1
BTR,9E,50,1.26,-2.55,6.0,-12.22,1
BTR,DL,82,7.49,-0.26,1.22,-5.99,2
BTR,OO,59,12.64,10.42,10.17,-0.84,3
BTR,MQ,90,15.26,13.63,3.33,1.78,4
BTR,OH,190,18.31,15.22,0.53,4.83,5
BTR,UA,1,52.0,57.0,0.0,38.52,6
BTV,F9,1,-10.0,6.0,0.0,-17.66,1
BTV,DL,44,-0.74,-4.37,2.27,-8.4,2
BTV,YX,127,2.56,-6.0,0.79,-5.1,3
BTV,OO,35,4.97,-1.46,0.0,-2.69,4
BTV,MQ,34,7.7,12.76,2.94,0.04,5
BTV,9E,164,8.45,1.96,1.83,0.79,6
BTV,AA,68,9.59,5.34,0.0,1.93,7
BTV,OH,139,10.04,8.5,2.88,2.38,8
BTV,B6,1,12.0,10.0,0.0,4.34,9
BTV,UA,110,12.58,13.41,1.82,4.92,10
BUF,YX,273,2.79,-1.78,4.03,-6.56,1
BUF,MQ,50,2.88,-5.19,4.0,-6.47,2
BUF,UA,96,6.66,7.84,2.08,-2.69,3
BUF,OH,94,7.21,8.63,3.19,-2.14,4
BUF,WN,492,8.21,1.96,1.02,-1.14,5
BUF,DL,207,8.28,-0.99,0.97,-1.07,6
BUF,9E,171,9.52,1.13,3.51,0.17,7
BUF,B6,316,11.32,6.99,2.22,1.97,8
BUF,AA,206,12.06,11.78,2.43,2.71,9
BUF,OO,84,15.96,12.57,1.19,6.61,10
BUF,F9,95,25.84,20.29,3.16,16.49,11
BUR,AS,215,1.45,0.7,2.79,-8.49,1
BUR,WN,1797,7.66,0.32,0.95,-2.28,2
BUR,OO,405,9.6,8.65,1.23,-0.34,3
BUR,UA,147,9.61,7.83,2.04,-0.33,4
BUR,AA,109,14.74,11.55,0.0,4.8,5
BUR,F9,7,15.71,20.71,0.0,5.77,6
BUR,NK,203,22.01,18.45,0.49,12.07,7
BUR,MQ,9,22.11,14.44,0.0,12.17,8
BUR,DL,40,40.8,35.54,0.0,30.86,9
BUR,B6,30,67.62,64.31,3.33,57.68,10
BWI,OH,5,-8.8,-1.8,0.0,-24.48,1
BWI,B6,25,0.76,2.92,0.0,-14.92,2
BWI,YX,102,4.1,0.22,1.96,-11.58,3
BWI,UA,347,7.34,2.97,1.44,-8.34,4
BWI,DL,542,9.84,2.41,0.74,-5.84,5
BWI,G4,12,11.75,2.92,0.0,-3.93,6
BWI,MQ,47,14.33,11.72,2.13,-1.35,7
BWI,NK,670,14.46,8.32,1.94,-1.22,8
BWI,WN,7183,15.86,9.06,0.67,0.18,9
BWI,AA,380,16.28,10.77,2.37,0.6,10
BWI,AS,57,21.82,21.17,3.51,6.14,11
BWI,9E,40,24.59,25.36,2.5,8.91,12
BWI,F9,271,39.78,38.26,2.95,24.1,13
BZN,G4,42,-1.77,-6.33,7.14,-14.78,1
BZN,OO,204,4.18,1.96,0.98,-8.83,2
BZN,AS,67,4.64,5.56,0.0,-8.37,3
BZN,MQ,12,5.08,2.67,0.0,-7.93,4
BZN,DL,163,7.39,4.94,0.0,-5.62,5
BZN,WN,173,9.9,4.01,0.58,-3.11,6
BZN,UA,214,24.73,21.82,1.4,11.72,7
BZN,AA,92,31.05,29.22,1.09,18.04,8
BZN,B6,21,31.37,32.72,9.52,18.36,9
CAE,YX,34,0.18,-0.97,2.94,-8.82,1
CAE,DL,148,4.95,-2.38,1.35,-4.05,2
CAE,OO,68,5.66,4.72,0.0,-3.34,3
CAE,OH,240,7.18,7.08,2.08,-1.82,4
CAE,9E,125,7.24,2.52,1.6,-1.76,5
CAE,MQ,6,7.33,12.0,0.0,-1.67,6
CAE,AA,76,32.18,30.17,0.0,23.18,7
CAK,OH,163,9.48,7.17,0.61,-2.86,1
CAK,G4,65,14.22,8.34,1.54,1.88,2
CAK,OO,99,15.83,14.86,1.01,3.49,3
CDC,OO,59,19.69,12.69,1.69,0.0,1
CDV,AS,71,-0.57,-0.6,2.82,0.0,1
CHA,YX,15,0.33,2.87,0.0,-14.0,1
CHA,9E,170,6.91,0.4,0.0,-7.42,2
CHA,DL,123,10.28,2.88,0.0,-4.05,3
CHA,OH,138,12.08,8.6,0.72,-2.25,4
CHA,OO,101,13.24,13.42,1.98,-1.09,5
CHA,MQ,125,23.43,18.32,1.6,9.1,6
CHA,G4,24,71.95,68.36,8.33,57.62,7
CHO,OH,6,-6.33,-6.67,0.0,-23.33,1
CHO,DL,14,-5.93,-13.07,0.0,-22.93,2
CHO,YX,47,6.04,6.67,2.13,-10.96,3
CHO,9E,162,19.35,13.15,6.79,2.35,4
CHO,OO,61,27.32,28.34,3.28,10.32,5
CHS,YX,228,0.83,-3.16,0.88,-11.06,1
CHS,OO,29,4.38,4.31,0.0,-7.51,2
CHS,MQ,96,5.29,2.0,0.0,-6.6,3
CHS,WN,352,7.05,2.22,0.57,-4.84,4
CHS,AS,23,7.83,4.22,0.0,-4.06,5
CHS,9E,190,9.11,3.11,5.79,-2.78,6
CHS,DL,401,11.19,5.36,0.75,-0.7,7
CHS,AA,457,11.28,7.66,2.41,-0.61,8
CHS,OH,190,13.87,10.73,1.58,1.98,9
CHS,UA,214,17.29,13.15,1.87,5.4,10
CHS,B6,185,23.46,19.1,3.78,11.57,11
CHS,F9,23,25.52,24.22,0.0,13.63,12
CHS,NK,118,27.32,22.16,3.39,15.43,13
CHS,G4,23,40.35,37.95,13.04,28.46,14
CID,YX,12,-5.82,-10.91,8.33,-21.09,1
CID,9E,15,-1.47,-2.6,0.0,-16.74,2
CID,MQ,123,7.59,7.35,3.25,-7.68,3
CID,UA,107,9.59,5.65,3.74,-5.68,4
CID,G4,79,10.35,5.09,1.27,-4.92,5
CID,OO,198,15.25,11.93,1.52,-0.02,6
CID,OH,79,18.45,12.68,2.53,3.18,7
CID,AA,115,25.12,21.45,0.87,9.85,8
CID,DL,40,29.92,26.49,2.5,14.65,9
CID,F9,22,34.73,32.77,0.0,19.46,10
CIU,OO,79,25.64,20.29,1.27,0.0,1
CKB,G4,16,27.13,25.8,6.25,0.0,1
CLE,YX,431,6.02,0.51,1.86,-4.96,1
CLE,UA,833,6.45,1.24,2.28,-4.53,2
CLE,WN,482,6.79,-0.72,0.62,-4.19,3
CLE,9E,253,6.88,1.12,2.77,-4.1,4
CLE,MQ,67,8.07,3.37,0.0,-2.91,5
CLE,OH,164,8.6,6.47,2.44,-2.38,6
CLE,AA,467,11.74,7.61,1.5,0.76,7
CLE,B6,83,12.24,8.91,1.2,1.26,8
CLE,NK,79,13.26,7.0,3.8,2.28,9
CLE,DL,297,13.42,2.28,0.34,2.44,10
CLE,AS,35,14.43,12.71,0.0,3.45,11
CLE,OO,161,16.55,8.9,1.24,5.57,12
CLE,F9,642,22.24,17.69,2.8,11.26,13
CLL,OO,40,10.03,8.38,2.5,-3.98,1
CLL,MQ,75,16.08,10.09,0.0,2.07,2
CLT,YX,239,8.25,3.04,2.09,-10.61,1
CLT,UA,408,8.32,6.81,1.47,-10.54,2
CLT,DL,575,12.67,4.32,1.04,-6.19,3
CLT,OH,5650,13.17,9.4,1.15,-5.69,4
CLT,MQ,650,14.53,11.42,0.77,-4.33,5
CLT,WN,319,17.77,11.37,1.25,-1.09,6
CLT,NK,470,19.78,14.37,2.13,0.92,7
CLT,OO,3,20.67,15.0,0.0,1.81,8
CLT,AA,12487,21.96,17.67,1.45,3.1,9
CLT,9E,286,22.96,19.02,2.8,4.1,10
CLT,F9,300,33.33,35.01,3.67,14.47,11
CLT,B6,55,44.85,39.23,1.82,25.99,12
CMH,YX,1108,0.35,-4.61,0.81,-7.46,1
CMH,DL,340,5.51,-0.97,0.29,-2.3,2
CMH,MQ,299,5.64,3.69,0.0,-2.17,3
CMH,UA,253,9.42,4.12,1.19,1.61,4
CMH,WN,1205,9.97,3.4,1.49,2.16,5
CMH,OH,158,13.26,7.57,0.0,5.45,6
CMH,NK,235,13.73,5.7,3.4,5.92,7
CMH,OO,135,14.19,8.99,0.0,6.38,8
CMH,AS,42,15.15,7.2,2.38,7.34,9
CMH,AA,329,15.99,12.63,2.43,8.18,10
CMH,9E,26,17.5,11.04,0.0,9.69,11
CMH,F9,27,24.11,18.63,0.0,16.3,12
CMI,MQ,127,13.01,7.88,0.79,0.0,1
CMX,OO,68,16.91,17.65,2.94,0.0,1
CNY,OO,3,-8.67,-12.67,0.0,0.0,1
COD,OO,50,32.38,24.88,0.0,0.0,1
COS,DL,51,6.71,3.18,0.0,-4.32,1
COS,OO,470,8.01,2.5,1.06,-3.02,2
COS,UA,84,9.88,8.68,2.38,-1.15,3
COS,WN,501,10.48,4.65,0.6,-0.55,4
COS,AA,110,19.05,19.48,1.82,8.02,5
COS,MQ,36,42.36,38.72,0.0,31.33,6
COU,OO,9,8.75,2.0,11.11,-6.34,1
COU,MQ,161,15.41,12.91,1.86,0.32,2
CPR,OO,169,10.0,4.61,0.0,0.0,1
CRP,MQ,260,7.35,6.57,2.31,-2.07,1
CRP,OO,22,9.27,9.45,0.0,-0.15,2
CRP,WN,101,14.66,12.36,0.0,5.24,3
CRW,9E,20,6.95,4.05,0.0,-19.16,1
CRW,OH,118,26.09,24.65,0.85,-0.02,2
CRW,OO,189,28.18,21.83,1.59,2.07,3
CSG,OO,42,6.32,2.34,2.38,-1.43,1
CSG,9E,65,8.66,1.82,0.0,0.91,2
CVG,YX,525,3.8,0.63,1.71,-6.31,1
CVG,DL,659,4.35,-3.08,0.91,-5.76,2
CVG,UA,188,6.92,4.3,1.6,-3.19,3
CVG,WN,200,7.27,1.3,1.0,-2.84,4
CVG,9E,683,8.05,2.97,1.17,-2.06,5
CVG,OH,221,10.22,7.93,1.81,0.11,6
CVG,OO,83,11.55,9.23,0.0,1.44,7
CVG,G4,339,13.58,9.84,0.59,3.47,8
CVG,F9,407,13.81,11.85,1.97,3.7,9
CVG,MQ,237,15.77,12.42,0.42,5.66,10
CVG,AS,37,16.66,14.43,5.41,6.55,11
CVG,AA,317,26.88,21.14,2.21,16.77,12
CWA,9E,70,2.17,-4.64,1.43,0.0,1
CYS,OO,55,19.38,10.74,3.64,0.0,1
DAB,DL,150,-0.13,-5.94,2.67,-9.72,1
DAB,AA,36,8.31,2.44,0.0,-1.28,2
DAB,OH,104,23.91,17.35,4.81,14.32,3
DAB,MQ,1,58.0,39.0,0.0,48.41,4
DAL,AS,29,1.72,-3.17,0.0,-12.86,1
DAL,DL,212,10.21,5.39,1.42,-4.37,2
DAL,WN,7042,14.77,8.99,1.14,0.19,3
DAY,YX,39,-6.08,-9.18,0.0,-15.67,1
DAY,9E,41,-1.92,-12.74,7.32,-11.51,2
DAY,DL,97,6.91,-3.11,1.03,-2.68,3
DAY,OH,339,9.1,5.85,0.88,-0.49,4
DAY,OO,136,17.65,14.05,2.21,8.06,5
DAY,MQ,22,18.41,17.05,0.0,8.82,6
DAY,G4,21,19.75,14.05,4.76,10.16,7
DCA,YX,2556,4.81,0.19,1.72,-8.38,1
DCA,AS,163,7.2,1.23,0.0,-5.99,2
DCA,OO,17,7.59,2.82,0.0,-5.6,3
DCA,DL,882,10.39,2.58,1.47,-2.8,4
DCA,UA,535,10.55,5.18,2.62,-2.64,5
DCA,MQ,389,11.42,6.94,1.29,-1.77,6
DCA,WN,1512,12.7,3.86,1.12,-0.49,7
DCA,OH,3561,14.83,11.03,2.39,1.64,8
DCA,B6,819,17.0,10.84,1.59,3.81,9
DCA,AA,2589,18.83,13.19,1.39,5.64,10
DCA,9E,202,25.72,20.58,2.97,12.53,11
DCA,F9,92,32.31,25.2,2.17,19.12,12
DDC,OO,56,31.39,28.42,3.57,0.0,1
DEC,OO,82,23.34,21.62,3.66,0.0,1
DEN,MQ,21,2.81,-0.52,0.0,-10.7,1
DEN,AS,217,9.02,7.93,0.46,-4.49,2
DEN,DL,1222,10.67,3.0,1.15,-2.84,3
DEN,OO,5843,11.77,6.76,1.27,-1.74,4
DEN,UA,9974,12.61,7.68,1.12,-0.9,5
DEN,WN,9439,14.54,8.69,0.89,1.03,6
DEN,G4,44,14.55,16.18,0.0,1.04,7
DEN,F9,2411,16.31,11.36,1.41,2.8,8
DEN,AA,761,19.28,14.43,2.5,5.77,9
DEN,NK,4,32.75,27.75,0.0,19.24,10
DEN,B6,129,35.7,33.05,0.78,22.19,11
DFW,MQ,6784,8.77,4.77,1.37,-10.43,1
DFW,OO,2388,9.09,5.7,2.22,-10.11,2
DFW,UA,790,13.5,9.69,2.03,-5.7,3
DFW,AS,233,14.62,10.91,1.72,-4.58,4
DFW,YX,4,15.0,-5.25,0.0,-4.2,5
DFW,DL,1193,17.97,11.51,0.75,-1.23,6
DFW,NK,964,18.72,13.79,1.45,-0.48,7
DFW,OH,918,20.26,15.85,2.72,1.06,8
DFW,B6,40,20.3,19.53,0.0,1.1,9
DFW,F9,984,24.52,23.51,2.24,5.32,10
DFW,AA,16361,25.11,19.64,1.98,5.91,11
DHN,9E,51,1.42,-4.22,1.96,-1.21,1
DHN,OO,19,6.0,2.22,5.26,3.37,2
DIK,OO,70,26.43,19.27,4.29,0.0,1
DLG,AS,9,49.11,52.33,0.0,0.0,1
DLH,YX,47,-4.68,-13.53,0.0,-17.28,1
DLH,9E,18,-0.39,4.44,0.0,-12.99,2
DLH,DL,9,2.11,-2.89,0.0,-10.49,3
DLH,OO,126,21.73,14.14,0.79,9.13,4
DRO,MQ,3,-5.67,-12.0,0.0,-21.44,1
DRO,UA,75,9.59,-1.73,0.0,-6.18,2
DRO,OO,305,17.51,15.34,0.66,1.74,3
DSM,F9,28,-2.75,-7.82,0.0,-14.3,1
DSM,DL,99,3.55,-5.89,1.01,-8.0,2
DSM,UA,198,4.36,2.69,1.01,-7.19,3
DSM,MQ,86,6.98,7.38,1.16,-4.57,4
DSM,YX,77,9.08,8.92,1.3,-2.47,5
DSM,WN,178,11.28,4.87,0.0,-0.27,6
DSM,9E,279,12.17,6.68,1.43,0.62,7
DSM,G4,175,13.22,10.33,2.29,1.67,8
DSM,OH,48,13.59,14.41,4.17,2.04,9
DSM,OO,91,14.01,11.2,4.4,2.46,10
DSM,AA,228,22.59,18.4,2.63,11.04,11
DTW,9E,1236,4.48,0.05,0.89,-6.82,1
DTW,YX,488,5.14,1.44,2.05,-6.16,2
DTW,OH,88,8.11,6.58,3.41,-3.19,3
DTW,UA,186,8.32,4.36,1.08,-2.98,4
DTW,WN,413,8.97,1.58,0.73,-2.33,5
DTW,NK,951,11.23,3.95,1.47,-0.07,6
DTW,DL,5712,11.48,5.79,0.91,0.18,7
DTW,B6,97,12.63,6.9,0.0,1.33,8
DTW,OO,2587,14.27,10.45,0.54,2.97,9
DTW,AS,39,14.44,11.9,0.0,3.14,10
DTW,AA,578,15.88,12.95,1.73,4.58,11
DTW,MQ,105,15.97,15.31,0.95,4.67,12
DTW,F9,214,16.85,12.47,3.74,5.55,13
DVL,OO,62,11.54,10.29,4.84,0.0,1
EAR,OO,14,20.71,15.93,0.0,0.0,1
EAU,OO,1,-7.0,5.0,0.0,0.0,1
ECP,OO,28,0.82,-1.5,0.0,-12.74,1
ECP,9E,4,2.0,-4.0,0.0,-11.56,2
ECP,DL,271,7.54,2.26,0.37,-6.02,3
ECP,WN,330,7.69,3.06,0.3,-5.87,4
ECP,MQ,79,16.61,13.68,3.8,3.05,5
ECP,YX,4,25.0,29.75,0.0,11.44,6
ECP,OH,114,29.18,28.58,0.0,15.62,7
ECP,AA,73,39.63,38.97,0.0,26.07,8
EGE,OO,164,11.95,5.93,1.22,-20.54,1
EGE,UA,53,16.83,9.6,1.89,-15.66,2
EGE,DL,16,23.5,11.06,0.0,-8.99,3
EGE,AA,143,63.1,59.24,2.1,30.61,4
EKO,OO,33,-4.36,-11.73,0.0,0.0,1
ELM,G4,23,20.36,21.38,4.35,-0.62,1
ELM,OO,72,21.17,16.89,0.0,0.19,2
ELP,MQ,163,6.37,3.75,2.45,-3.32,1
ELP,DL,55,6.82,0.19,0.0,-2.87,2
ELP,YX,6,7.25,7.5,33.33,-2.44,3
ELP,WN,876,7.93,2.25,0.46,-1.76,4
ELP,UA,29,8.1,2.31,0.0,-1.59,5
ELP,AA,250,13.27,11.28,1.6,3.58,6
ELP,OO,250,13.29,10.38,0.8,3.6,7
ELP,G4,9,16.0,12.11,0.0,6.31,8
ELP,F9,60,17.38,13.26,3.33,7.69,9
ESC,OO,63,10.35,7.1,0.0,0.0,1
EUG,MQ,2,-2.0,-18.5,0.0,-12.81,1
EUG,WN,163,7.31,0.59,2.45,-3.5,2
EUG,AA,76,9.15,3.44,1.32,-1.66,3
EUG,OO,242,10.25,5.36,1.65,-0.56,4
EUG,UA,156,10.59,5.54,1.92,-0.22,5
EUG,AS,26,19.81,18.62,0.0,9.0,6
EUG,G4,33,30.94,29.75,3.03,20.13,7
EVV,DL,2,-1.5,-9.5,0.0,-12.86,1
EVV,9E,68,1.81,-2.99,0.0,-9.55,2
EVV,MQ,64,2.95,-1.83,0.0,-8.41,3
EVV,OO,27,18.15,14.15,0.0,6.79,4
EVV,G4,25,40.79,28.22,4.0,29.43,5
EVV,OH,4,92.25,85.75,0.0,80.89,6
EWN,OH,6,230.33,210.0,0.0,0.0,1
EWR,OO,1,-4.0,9.0,0.0,-20.0,1
EWR,YX,2184,5.93,0.04,2.29,-10.07,2
EWR,G4,61,7.58,1.53,1.64,-8.42,3
EWR,AS,286,12.48,9.99,3.15,-3.52,4
EWR,UA,6505,16.75,11.33,2.58,0.75,5
EWR,DL,622,19.24,13.56,1.29,3.24,6
EWR,NK,986,19.74,11.71,4.26,3.74,7
EWR,B6,513,21.82,16.74,3.12,5.82,8
EWR,AA,614,27.0,20.22,1.95,11.0,9
EWR,9E,150,27.12,26.55,5.33,11.12,10
EWR,MQ,69,30.96,25.63,1.45,14.96,11
EWR,F9,35,33.51,26.46,0.0,17.51,12
EYW,YX,78,5.53,3.2,2.56,-15.47,1
EYW,MQ,191,9.41,8.35,1.57,-11.59,2
EYW,UA,80,16.87,13.77,3.75,-4.13,3
EYW,B6,16,17.0,11.53,6.25,-4.0,4
EYW,DL,143,25.21,23.2,1.4,4.21,5
EYW,G4,58,26.81,18.88,1.72,5.81,6
EYW,AA,156,37.2,33.7,4.49,16.2,7
EYW,9E,16,45.75,48.06,0.0,24.75,8
FAI,AS,243,3.23,-0.45,0.41,-7.95,1
FAI,UA,22,24.59,9.36,0.0,13.41,2
FAI,DL,54,41.92,35.25,1.85,30.74,3
FAR,F9,33,-7.5,-10.91,3.03,-21.42,1
FAR,9E,21,-1.71,-10.48,0.0,-15.63,2
FAR,DL,71,6.2,-0.44,0.0,-7.72,3
FAR,UA,9,8.11,1.56,0.0,-5.81,4
FAR,G4,58,10.88,5.79,0.0,-3.04,5
FAR,MQ,151,15.09,7.59,1.32,1.17,6
FAR,OO,286,19.62,17.37,0.7,5.7,7
FAT,MQ,2,-4.0,-11.5,0.0,-13.05,1
FAT,AS,50,5.27,1.94,4.0,-3.78,2
FAT,OO,710,6.31,2.81,0.28,-2.74,3
FAT,WN,164,9.48,3.98,0.0,0.43,4
FAT,DL,26,11.19,3.0,0.0,2.14,5
FAT,AA,206,14.17,9.03,0.97,5.12,6
FAT,G4,62,14.73,16.87,0.0,5.68,7
FAT,UA,30,30.13,23.9,0.0,21.08,8
FAY,DL,40,-2.3,-10.63,0.0,-18.2,1
FAY,OH,66,5.14,7.42,1.52,-10.76,2
FAY,OO,24,29.63,23.08,0.0,13.73,3
FAY,9E,36,46.39,38.03,0.0,30.49,4
FCA,OO,129,2.23,-2.62,1.55,-9.89,1
FCA,UA,77,6.55,5.41,1.3,-5.57,2
FCA,AA,44,14.02,10.56,0.0,1.9,3
FCA,DL,78,16.37,11.2,2.56,4.25,4
FCA,MQ,2,47.5,40.0,0.0,35.38,5
FCA,G4,22,72.3,69.2,9.09,60.18,6
FLG,OO,177,5.59,4.8,0.56,0.0,1
FLL,9E,2,-5.0,-10.5,0.0,-22.95,1
FLL,UA,803,13.76,8.82,2.62,-4.19,2
FLL,WN,1434,15.47,10.69,1.05,-2.48,3
FLL,DL,1158,15.51,10.8,1.21,-2.44,4
FLL,AS,100,17.49,12.52,11.0,-0.46,5
FLL,B6,1824,18.16,13.7,1.21,0.21,6
FLL,NK,2594,19.49,14.95,1.5,1.54,7
FLL,G4,309,19.71,17.66,0.97,1.76,8
FLL,AA,665,22.64,19.3,1.95,4.69,9
FLL,F9,163,29.69,27.48,5.52,11.74,10
FNT,G4,122,11.18,7.44,1.64,-15.83,1
FNT,OO,79,51.04,49.03,0.0,24.03,2
FOD,OO,59,13.86,12.27,5.08,0.0,1
FSD,YX,2,-4.0,-13.0,0.0,-12.27,1
FSD,UA,60,-1.28,-2.65,0.0,-9.55,2
FSD,AA,67,4.8,-3.49,2.99,-3.47,3
FSD,9E,43,7.63,7.93,0.0,-0.64,4
FSD,OO,249,7.96,2.52,1.61,-0.31,5
FSD,G4,91,8.08,3.84,2.2,-0.19,6
FSD,MQ,75,10.49,5.7,1.33,2.22,7
FSD,F9,16,13.13,22.69,0.0,4.86,8
FSD,DL,79,17.26,15.95,1.27,8.99,9
FSM,OO,20,6.63,1.89,5.0,-9.27,1
FSM,MQ,96,17.82,11.84,4.17,1.92,2
FWA,OH,11,7.36,0.82,0.0,-10.43,1
FWA,9E,21,13.3,-0.45,4.76,-4.49,2
FWA,MQ,79,15.46,10.8,0.0,-2.33,3
FWA,OO,262,18.63,13.49,0.0,0.84,4
FWA,G4,70,20.42,17.88,8.57,2.63,5
GCC,OO,56,13.15,11.98,1.79,0.0,1
GCK,OO,25,1.52,-0.74,8.0,-8.98,1
GCK,MQ,50,14.71,14.27,2.0,4.21,2
GEG,UA,85,0.35,-6.35,2.35,-7.39,1
GEG,AS,204,2.14,0.73,0.98,-5.6,2
GEG,OO,558,5.1,3.98,1.08,-2.64,3
GEG,WN,374,5.89,-1.0,0.27,-1.85,4
GEG,DL,285,15.09,9.45,1.05,7.35,5
GEG,AA,120,19.33,12.94,0.0,11.59,6
GEG,G4,24,25.75,26.38,0.0,18.01,7
GFK,G4,9,-2.0,-7.78,0.0,-12.51,1
GFK,OO,99,6.78,1.09,1.01,-3.73,2
GFK,9E,5,106.2,99.8,0.0,95.69,3
GGG,OO,44,8.95,6.91,0.0,-4.25,1
GGG,MQ,17,24.18,20.29,0.0,10.98,2
GJT,UA,68,2.16,-6.93,1.47,-2.86,1
GJT,OO,252,4.65,1.66,1.19,-0.37,2
GJT,MQ,48,9.4,9.17,0.0,4.38,3
GJT,G4,11,12.2,16.0,9.09,7.18,4
GNV,DL,153,3.06,-4.67,1.31,-7.74,1
GNV,9E,15,10.27,1.0,0.0,-0.53,2
GNV,OH,67,18.83,17.94,2.99,8.03,3
GNV,MQ,64,21.72,18.0,6.25,10.92,4
GPT,9E,4,-6.5,-13.5,0.0,-19.8,1
GPT,OH,133,4.76,2.75,1.5,-8.54,2
GPT,DL,121,9.05,4.62,0.0,-4.25,3
GPT,OO,32,15.06,14.19,3.13,1.76,4
GPT,G4,1,20.0,12.0,0.0,6.7,5
GPT,MQ,63,40.38,39.18,3.17,27.08,6
GRB,9E,6,-8.0,-16.33,0.0,-24.3,1
GRB,YX,18,5.72,1.78,0.0,-10.58,2
GRB,F9,8,8.25,12.25,0.0,-8.05,3
GRB,OO,324,15.26,10.96,2.47,-1.04,4
GRB,MQ,36,18.37,13.89,2.78,2.07,5
GRB,DL,31,37.48,29.55,0.0,21.18,6
GRI,OO,72,13.83,12.0,1.39,-3.5,1
GRI,G4,17,31.94,26.59,0.0,14.61,2
GRK,MQ,128,9.7,7.85,1.56,-5.77,1
GRK,OO,57,28.46,24.75,1.75,12.99,2
GRR,UA,137,3.53,2.99,1.46,-5.81,1
GRR,G4,192,5.21,2.28,1.04,-4.13,2
GRR,DL,290,5.69,-1.81,1.72,-3.65,3
GRR,YX,162,7.27,0.68,2.47,-2.07,4
GRR,WN,195,7.48,3.74,0.51,-1.86,5
GRR,9E,105,11.07,5.99,1.9,1.73,6
GRR,AA,240,11.41,7.83,0.42,2.07,7
GRR,OO,216,14.16,10.64,0.93,4.82,8
GRR,MQ,69,15.86,16.12,4.35,6.52,9
GRR,OH,66,16.36,19.72,3.03,7.02,10
GRR,F9,77,18.83,18.11,1.3,9.49,11
GSO,9E,147,3.21,-4.45,4.08,-9.29,1
GSO,YX,153,6.26,4.45,5.23,-6.24,2
GSO,DL,228,7.99,0.18,0.44,-4.51,3
GSO,OH,266,8.4,8.91,0.75,-4.1,4
GSO,MQ,141,13.83,10.62,0.0,1.33,5
GSO,OO,85,22.73,21.35,1.18,10.23,6
GSO,AA,138,32.77,32.89,3.62,20.27,7
GSO,G4,13,57.38,62.62,0.0,44.88,8
GSP,UA,42,2.93,-1.27,2.38,-7.24,1
GSP,DL,223,4.07,-3.75,0.45,-6.1,2
GSP,G4,21,6.3,3.45,4.76,-3.87,3
GSP,MQ,156,8.33,5.08,1.92,-1.84,4
GSP,YX,187,8.76,6.3,4.28,-1.41,5
GSP,WN,157,8.95,2.03,0.64,-1.22,6
GSP,OH,378,9.56,7.68,1.06,-0.61,7
GSP,OO,93,10.38,8.3,0.0,0.21,8
GSP,9E,127,13.26,7.68,1.57,3.09,9
GSP,AA,139,26.88,21.03,2.16,16.71,10
GST,AS,12,-0.11,-2.67,25.0,0.0,1
GTF,UA,15,0.87,-9.4,0.0,-6.2,1
GTF,OO,203,6.99,2.15,0.99,-0.08,2
GTF,G4,14,14.86,10.14,0.0,7.79,3
GTR,9E,75,9.82,0.61,1.33,0.0,1
GUC,OO,60,0.52,-6.47,0.0,-1.35,1
GUC,AA,12,9.27,11.36,8.33,7.4,2
GUM,UA,66,7.28,-0.48,1.52,0.0,1
HDN,MQ,1,-9.0,-21.0,0.0,-19.42,1
HDN,B6,9,1.88,4.25,11.11,-8.54,2
HDN,AA,16,3.94,-0.56,0.0,-6.48,3
HDN,OO,77,5.49,-0.25,1.3,-4.93,4
HDN,WN,52,8.64,3.96,3.85,-1.78,5
HDN,DL,7,17.14,11.57,0.0,6.72,6
HDN,UA,54,21.69,19.39,0.0,11.27,7
HGR,G4,22,25.52,23.3,4.55,0.0,1
HHH,YX,65,9.06,6.28,4.62,-1.31,1
HHH,MQ,89,11.28,10.23,1.12,0.91,2
HIB,OO,42,27.34,23.12,2.38,0.0,1
HLN,OO,163,12.6,10.68,0.61,0.0,1
HNL,AA,182,-0.08,-6.29,0.55,-6.35,1
HNL,WN,1414,2.34,-2.98,0.28,-3.93,2
HNL,HA,3127,6.07,5.56,1.25,-0.2,3
HNL,UA,485,10.03,1.42,1.65,3.76,4
HNL,DL,304,10.26,1.73,0.66,3.99,5
HNL,AS,418,16.94,11.26,3.11,10.67,6
HOB,OO,50,47.8,41.25,2.0,0.0,1
HOU,WN,5216,13.63,5.72,1.27,-0.5,1
HOU,DL,179,13.94,9.45,1.12,-0.19,2
HOU,MQ,168,14.57,10.18,4.76,0.44,3
HOU,G4,36,15.0,12.42,0.0,0.87,4
HOU,OO,40,17.63,17.28,0.0,3.5,5
HOU,OH,11,33.3,36.3,9.09,19.17,6
HOU,F9,34,81.97,76.03,5.88,67.84,7
HPN,B6,478,9.11,5.29,0.63,-7.45,1
HPN,MQ,132,11.37,8.58,3.79,-5.19,2
HPN,OO,102,16.16,12.03,1.96,-0.4,3
HPN,YX,7,16.57,10.71,0.0,0.01,4
HPN,9E,86,19.24,8.79,1.16,2.68,5
HPN,DL,84,19.94,12.13,1.19,3.38,6
HPN,OH,296,29.61,28.57,3.38,13.05,7
HRL,OO,28,3.93,3.18,0.0,-5.36,1
HRL,MQ,172,4.38,2.0,1.16,-4.91,2
HRL,DL,18,5.67,-3.78,0.0,-3.62,3
HRL,WN,224,13.98,12.55,0.0,4.69,4
HSV,YX,21,-4.85,-6.0,4.76,-16.98,1
HSV,DL,218,-1.06,-8.92,2.29,-13.19,2
HSV,9E,55,3.8,-2.45,0.0,-8.33,3
HSV,OO,158,11.59,8.92,0.0,-0.54,4
HSV,MQ,182,18.56,16.35,2.2,6.43,5
HSV,OH,264,21.57,19.98,1.52,9.44,6
HSV,AA,2,57.5,41.0,0.0,45.37,7
HTS,G4,53,36.94,38.82,5.66,0.0,1
HYA,YX,14,-4.86,-4.43,0.0,-29.69,1
HYA,B6,12,66.4,67.2,16.67,41.57,2
HYS,OO,58,18.33,15.26,0.0,0.0,1
IAD,MQ,3,-6.67,8.67,0.0,-17.95,1
IAD,YX,792,3.78,-1.06,1.01,-7.5,2
IAD,9E,43,4.05,-1.84,0.0,-7.23,3
IAD,AS,202,10.82,5.77,2.48,-0.46,4
IAD,UA,3054,10.91,5.28,1.74,-0.37,5
IAD,F9,16,11.44,8.75,0.0,0.16,6
IAD,AA,66,12.12,9.56,0.0,0.84,7
IAD,WN,108,12.28,5.28,0.93,1.0,8
IAD,DL,322,19.15,9.5,0.31,7.87,9
IAD,OH,148,20.03,10.9,1.35,8.75,10
IAD,OO,276,22.9,17.02,2.17,11.62,11
IAD,G4,28,24.11,16.11,3.57,12.83,12
IAG,G4,35,21.43,20.6,0.0,0.0,1
IAH,OH,2,-4.0,-8.0,0.0,-22.76,1
IAH,AS,86,9.92,6.98,1.16,-8.84,2
IAH,MQ,151,10.88,3.32,7.95,-7.88,3
IAH,WN,304,14.62,9.51,2.3,-4.14,4
IAH,YX,7,14.71,13.86,0.0,-4.05,5
IAH,DL,770,17.14,10.14,1.56,-1.62,6
IAH,NK,1022,17.36,10.53,1.96,-1.4,7
IAH,UA,6767,18.41,13.52,2.11,-0.35,8
IAH,AA,676,19.83,15.88,3.7,1.07,9
IAH,OO,1349,20.98,16.77,2.52,2.22,10
IAH,F9,337,29.88,28.99,2.97,11.12,11
IAH,B6,63,32.08,26.65,0.0,13.32,12
ICT,UA,60,-2.05,0.36,1.67,-11.67,1
ICT,9E,12,3.33,1.33,0.0,-6.29,2
ICT,WN,185,4.95,-1.44,0.0,-4.67,3
ICT,DL,80,6.71,-1.38,0.0,-2.91,4
ICT,MQ,219,7.92,5.13,2.74,-1.7,5
ICT,OO,304,12.83,10.01,1.64,3.21,6
ICT,AA,63,15.95,13.39,6.35,6.33,7
ICT,G4,32,21.31,13.78,0.0,11.69,8
ICT,OH,21,34.24,30.71,0.0,24.62,9
IDA,OO,280,9.85,3.48,0.71,-1.05,1
IDA,G4,46,15.37,14.41,0.0,4.47,2
IDA,DL,11,18.64,21.0,0.0,7.74,3
ILM,YX,128,6.11,6.34,3.13,-3.63,1
ILM,AA,130,7.47,3.86,2.31,-2.27,2
ILM,OH,202,10.12,9.97,1.49,0.38,3
ILM,MQ,112,11.35,9.12,0.89,1.61,4
ILM,9E,126,11.36,5.02,3.17,1.62,5
ILM,DL,95,11.73,6.16,0.0,1.99,6
ILM,OO,2,60.0,61.5,0.0,50.26,7
IMT,OO,74,4.75,2.54,4.05,0.0,1
IND,YX,1244,2.71,-1.35,1.61,-5.72,1
IND,MQ,105,6.78,2.64,0.95,-1.65,2
IND,UA,246,7.97,2.58,1.22,-0.46,3
IND,DL,422,8.64,2.37,1.66,0.21,4
IND,WN,1129,9.17,2.3,0.71,0.74,5
IND,9E,228,10.49,5.6,2.63,2.06,6
IND,AA,622,10.53,6.37,1.45,2.1,7
IND,NK,213,11.31,4.79,2.82,2.88,8
IND,OH,35,12.29,6.15,2.86,3.86,9
IND,OO,128,14.43,9.18,2.34,6.0,10
IND,AS,45,14.86,10.41,2.22,6.43,11
IND,F9,92,19.55,13.64,1.09,11.12,12
IND,G4,163,20.06,18.8,1.84,11.63,13
INL,OO,48,8.53,4.51,2.08,0.0,1
ISP,B6,16,7.38,-2.38,0.0,-8.42,1
ISP,WN,286,12.37,4.67,1.05,-3.43,2
ISP,F9,142,23.77,16.37,2.11,7.97,3
ITH,YX,7,-1.29,-13.0,0.0,-19.85,1
ITH,9E,52,21.34,15.46,3.85,2.78,2
ITO,WN,178,-4.12,-6.85,0.0,-5.53,1
ITO,HA,511,3.36,3.57,1.57,1.95,2
JAC,OO,103,2.36,0.1,3.88,-18.62,1
JAC,AS,7,8.43,12.0,0.0,-12.55,2
JAC,UA,196,16.26,13.8,0.0,-4.72,3
JAC,DL,116,30.5,17.46,0.86,9.52,4
JAC,AA,110,37.17,35.28,0.91,16.19,5
JAN,DL,210,3.22,-2.54,0.0,-5.97,1
JAN,9E,29,3.29,-2.07,3.45,-5.9,2
JAN,WN,183,10.04,5.31,0.55,0.85,3
JAN,OO,44,11.7,8.57,0.0,2.51,4
JAN,MQ,102,12.19,10.22,0.0,3.0,5
JAN,OH,133,15.73,12.08,2.26,6.54,6
JAX,OO,16,-1.33,2.27,6.25,-12.95,1
JAX,9E,83,4.54,-2.26,1.2,-7.08,2
JAX,F9,104,5.4,4.51,2.88,-6.22,3
JAX,WN,474,7.06,1.04,0.42,-4.56,4
JAX,MQ,113,7.5,4.14,0.88,-4.12,5
JAX,YX,174,9.06,4.15,1.72,-2.56,6
JAX,OH,100,11.85,8.85,1.0,0.23,7
JAX,AA,714,12.95,11.0,2.52,1.33,8
JAX,UA,376,13.14,9.45,1.33,1.52,9
JAX,DL,563,13.16,9.0,0.71,1.54,10
JAX,G4,64,19.06,18.66,0.0,7.44,11
JAX,B6,162,21.64,17.42,1.85,10.02,12
JFK,YX,1615,7.02,2.73,2.54,-8.12,1
JFK,9E,1563,9.01,4.05,4.41,-6.13,2
JFK,AA,1151,11.5,5.15,1.3,-3.64,3
JFK,AS,318,12.59,7.29,4.09,-2.55,4
JFK,OO,296,14.84,7.99,5.41,-0.3,5
JFK,DL,2548,16.15,9.22,1.02,1.01,6
JFK,B6,3308,22.11,16.46,2.27,6.97,7
JFK,F9,97,27.08,22.57,0.0,11.94,8
JFK,HA,44,32.07,37.0,0.0,16.93,9
JLN,OO,49,11.9,4.04,2.04,0.0,1
JMS,OO,58,10.04,7.53,1.72,0.0,1
JNU,DL,14,-0.86,-9.21,0.0,-3.86,1
JNU,AS,455,3.12,2.5,2.2,0.12,2
JST,OO,62,15.06,10.16,0.0,0.0,1
KOA,WN,337,0.0,-4.18,0.89,-4.39,1
KOA,HA,720,1.86,1.51,0.56,-2.53,2
KOA,DL,66,3.29,-6.0,4.55,-1.1,3
KOA,AS,196,11.03,7.81,3.06,6.64,4
KOA,UA,147,12.07,3.23,1.36,7.68,5
KOA,AA,66,19.0,12.47,0.0,14.61,6
KTN,AS,245,0.29,-2.36,3.27,-0.54,1
KTN,OO,10,15.0,23.44,10.0,14.17,2
LAN,9E,14,-3.77,-9.77,7.14,-17.96,1
LAN,OH,30,3.07,4.17,0.0,-11.12,2
LAN,OO,81,21.19,19.15,0.0,7.0,3
LAR,OO,70,-3.54,-3.21,2.86,0.0,1
LAS,UA,1377,8.51,2.91,2.03,-5.56,1
LAS,DL,1537,9.43,2.54,0.98,-4.64,2
LAS,G4,691,10.79,6.47,0.87,-3.28,3
LAS,AS,573,11.18,10.63,2.09,-2.89,4
LAS,NK,2548,11.9,6.2,1.61,-2.17,5
LAS,F9,1308,13.37,10.63,1.22,-0.7,6
LAS,OO,239,14.75,17.41,2.51,0.68,7
LAS,WN,8681,14.76,7.05,0.47,0.69,8
LAS,MQ,1,15.0,4.0,0.0,0.93,9
LAS,B6,236,19.29,13.79,0.85,5.22,10
LAS,HA,133,23.19,21.17,0.0,9.12,11
LAS,AA,1356,26.05,19.75,0.88,11.98,12
LAW,MQ,8,-5.38,-14.5,0.0,-19.07,1
LAW,OO,87,15.48,13.66,2.3,1.79,2
LAX,MQ,5,-5.6,-9.4,0.0,-16.59,1
LAX,AS,893,4.93,2.31,1.79,-6.06,2
LAX,OO,3737,6.68,4.75,0.37,-4.31,3
LAX,G4,98,7.98,2.57,1.02,-3.01,4
LAX,HA,207,8.58,6.56,0.97,-2.41,5
LAX,DL,3476,10.07,4.73,0.81,-0.92,6
LAX,UA,2600,10.41,3.46,2.12,-0.58,7
LAX,B6,800,11.21,6.05,0.38,0.22,8
LAX,NK,1128,11.38,4.98,1.24,0.39,9
LAX,WN,2614,11.88,5.29,0.57,0.89,10
LAX,AA,2853,17.74,11.84,0.6,6.75,11
LAX,F9,218,33.28,32.96,1.38,22.29,12
LBB,WN,287,7.62,0.74,1.74,-2.15,1
LBB,OO,116,10.22,9.95,1.72,0.45,2
LBB,MQ,215,11.84,9.73,2.79,2.07,3
LBB,AA,40,12.8,11.0,0.0,3.03,4
LBE,NK,55,9.79,2.66,3.64,0.0,1
LBF,OO,65,2.61,4.7,1.54,0.0,1
LBL,OO,51,6.23,1.64,7.84,0.0,1
LCH,MQ,5,23.5,24.75,20.0,-0.59,1
LCH,OO,99,24.11,21.1,3.03,0.02,2
LCK,G4,88,20.53,17.74,3.41,0.0,1
LEX,9E,20,-4.5,-14.4,0.0,-16.93,1
LEX,YX,67,-1.58,-2.42,0.0,-14.01,2
LEX,DL,164,5.94,-5.19,1.22,-6.49,3
LEX,OO,179,8.6,3.86,1.68,-3.83,4
LEX,OH,145,9.94,5.3,1.38,-2.49,5
LEX,MQ,90,20.1,17.64,0.0,7.67,6
LEX,AA,99,27.29,26.99,3.03,14.86,7
LEX,G4,76,30.16,30.29,7.89,17.73,8
LFT,9E,80,-0.76,-3.63,1.25,-16.79,1
LFT,MQ,44,8.93,2.39,0.0,-7.1,2
LFT,OO,105,17.47,11.88,0.95,1.44,3
LFT,OH,108,30.22,28.71,2.78,14.19,4
LGA,YX,3825,4.49,-0.94,2.54,-8.63,1
LGA,9E,2759,9.75,2.06,3.88,-3.37,2
LGA,UA,741,14.41,10.1,2.43,1.29,3
LGA,DL,2443,16.14,8.51,1.56,3.02,4
LGA,NK,701,17.35,9.7,2.85,4.23,5
LGA,WN,1048,17.67,6.18,1.43,4.55,6
LGA,AA,1506,18.65,13.65,2.66,5.53,7
LGA,B6,861,21.78,15.05,1.51,8.66,8
LGA,OO,366,27.73,23.67,2.46,14.61,9
LGA,F9,255,32.08,25.76,4.31,18.96,10
LGB,OO,53,5.42,1.58,0.0,-2.77,1
LGB,WN,1614,7.98,0.86,0.56,-0.21,2
LGB,HA,64,12.58,8.17,0.0,4.39,3
LGB,DL,41,13.15,5.27,0.0,4.96,4
LIH,WN,346,-1.04,-6.67,0.0,-4.75,1
LIH,DL,59,0.18,-7.4,3.39,-3.53,2
LIH,HA,844,3.75,2.39,1.18,0.04,3
LIH,UA,104,7.2,0.16,0.96,3.49,4
LIH,AS,85,11.67,5.24,0.0,7.96,5
LIH,AA,60,16.47,10.67,0.0,12.76,6
LIT,F9,14,2.86,3.79,0.0,-10.53,1
LIT,YX,44,7.37,4.56,2.27,-6.02,2
LIT,DL,197,7.65,1.39,0.51,-5.74,3
LIT,WN,266,8.6,2.04,0.0,-4.79,4
LIT,OH,67,9.65,8.17,1.49,-3.74,5
LIT,MQ,386,15.42,13.86,0.78,2.03,6
LIT,9E,39,17.5,12.95,2.56,4.11,7
LIT,OO,197,18.51,15.35,1.02,5.12,8
LIT,G4,19,20.84,15.16,0.0,7.45,9
LIT,AA,75,26.7,29.24,1.33,13.31,10
LNK,OO,175,19.16,14.27,1.14,-0.06,1
LNK,YX,2,25.0,11.5,0.0,5.78,2
LRD,G4,9,-3.78,-9.11,0.0,-23.01,1
LRD,OO,10,0.5,-3.2,0.0,-18.73,2
LRD,MQ,180,21.46,19.51,1.67,2.23,3
LSE,MQ,26,5.96,1.85,0.0,0.0,1
LWS,OO,127,4.8,1.14,0.79,0.0,1
MAF,UA,7,-8.14,-5.14,0.0,-15.46,1
MAF,OO,324,4.94,0.3,0.62,-2.38,2
MAF,MQ,235,7.51,4.88,2.98,0.19,3
MAF,WN,369,9.58,3.18,0.81,2.26,4
MBS,9E,9,-6.22,-10.67,0.0,-26.47,1
MBS,OO,212,21.39,17.36,0.94,1.14,2
MCI,AS,81,-0.44,-1.75,1.23,-11.13,1
MCI,DL,686,5.2,-1.1,1.17,-5.49,2
MCI,YX,167,5.87,4.62,2.4,-4.82,3
MCI,UA,361,6.78,5.45,0.55,-3.91,4
MCI,MQ,134,8.4,4.79,2.24,-2.29,5
MCI,G4,26,9.0,7.42,0.0,-1.69,6
MCI,WN,2337,10.67,4.57,0.94,-0.02,7
MCI,OO,119,11.85,11.68,1.68,1.16,8
MCI,F9,45,13.32,17.93,2.22,2.63,9
MCI,AA,565,14.47,12.87,0.88,3.78,10
MCI,9E,113,20.81,15.54,3.54,10.12,11
MCI,NK,184,25.02,17.73,1.63,14.33,12
MCI,OH,36,30.33,27.22,0.0,19.64,13
MCI,B6,16,36.94,39.0,0.0,26.25,14
MCO,F9,1694,13.3,9.37,2.18,-3.17,1
MCO,NK,2226,14.4,9.22,1.21,-2.07,2
MCO,UA,1330,15.0,10.9,3.16,-1.47,3
MCO,WN,4386,15.7,10.16,1.41,-0.77,4
MCO,DL,2096,16.69,12.17,1.24,0.22,5
MCO,AS,246,18.04,16.36,6.1,1.57,6
MCO,AA,1806,19.06,14.93,2.27,2.59,7
MCO,B6,1681,22.13,17.01,1.84,5.66,8
MCO,G4,21,33.2,27.75,4.76,16.73,9
MCW,OO,57,42.59,39.5,5.26,0.0,1
MDT,F9,4,-5.5,-19.5,0.0,-17.69,1
MDT,9E,22,-3.82,-10.05,0.0,-16.01,2
MDT,YX,22,-1.59,-7.18,0.0,-13.78,3
MDT,OH,79,6.74,4.25,2.53,-5.45,4
MDT,DL,103,7.47,-2.09,0.0,-4.72,5
MDT,G4,73,9.71,5.51,1.37,-2.48,6
MDT,UA,37,12.59,9.27,0.0,0.4,7
MDT,OO,100,12.73,7.6,0.0,0.54,8
MDT,AA,98,30.71,28.7,4.08,18.52,9
MDW,DL,167,11.95,3.46,1.8,-1.03,1
MDW,WN,7164,12.25,5.62,1.37,-0.73,2
MDW,G4,50,20.35,16.56,2.0,7.37,3
MDW,OO,176,20.57,16.7,0.0,7.59,4
MDW,F9,335,23.89,18.63,1.19,10.91,5
MEI,OO,66,26.03,24.16,3.03,0.0,1
MEM,DL,430,4.73,-2.55,1.86,-5.98,1
MEM,G4,43,4.95,3.33,0.0,-5.76,2
MEM,9E,105,6.78,1.33,2.86,-3.93,3
MEM,F9,14,6.86,8.71,0.0,-3.85,4
MEM,WN,380,7.33,-0.11,0.53,-3.38,5
MEM,MQ,145,7.74,3.38,0.69,-2.97,6
MEM,NK,82,12.31,3.48,1.22,1.6,7
MEM,YX,285,13.8,8.29,1.75,3.09,8
MEM,UA,162,14.01,10.07,0.62,3.3,9
MEM,AA,426,16.3,13.0,0.94,5.59,10
MEM,OO,68,16.5,13.96,0.0,5.79,11
MEM,OH,69,20.25,17.71,0.0,9.54,12
MFE,UA,51,0.17,-3.43,9.8,-15.66,1
MFE,MQ,84,4.49,3.54,1.19,-11.34,2
MFE,OO,106,14.53,14.43,0.94,-1.3,3
MFE,AA,205,23.04,19.5,1.46,7.21,4
MFE,G4,43,23.95,17.88,2.33,8.12,5
MFR,OO,283,15.2,10.19,1.41,-1.3,1
MFR,G4,43,16.79,13.47,0.0,0.29,2
MFR,UA,120,19.47,14.04,1.67,2.97,3
MGM,MQ,51,10.76,4.37,3.92,-8.69,1
MGM,9E,90,11.61,6.96,1.11,-7.84,2
MGM,OH,53,27.71,27.31,7.55,8.26,3
MGM,OO,62,31.05,25.84,0.0,11.6,4
MGW,OO,5,145.4,136.6,0.0,0.0,1
MHK,MQ,78,0.95,-4.97,3.85,0.0,1
MHT,YX,4,-7.25,-10.75,0.0,-16.89,1
MHT,MQ,27,1.37,-0.81,0.0,-8.27,2
MHT,WN,261,6.01,-2.7,0.38,-3.63,3
MHT,AA,9,8.11,-1.33,0.0,-1.53,4
MHT,OH,213,13.72,10.38,0.94,4.08,5
MHT,NK,17,33.94,18.88,5.88,24.3,6
MIA,MQ,1393,8.47,6.42,1.15,-11.47,1
MIA,NK,528,15.23,10.71,2.08,-4.71,2
MIA,F9,368,16.11,14.61,1.9,-3.83,3
MIA,UA,559,16.33,12.34,3.58,-3.61,4
MIA,WN,570,16.71,12.93,1.23,-3.23,5
MIA,DL,1044,17.15,12.63,0.67,-2.79,6
MIA,YX,48,22.24,14.2,4.17,2.3,7
MIA,AA,5810,23.98,18.78,1.7,4.04,8
MIA,9E,2,29.0,32.0,0.0,9.06,9
MIA,B6,179,33.99,29.81,1.12,14.05,10
MIA,AS,45,34.38,31.02,6.67,14.44,11
MKE,NK,47,-3.13,-7.43,0.0,-14.34,1
MKE,AS,49,1.21,-2.43,4.08,-10.0,2
MKE,B6,55,4.11,0.06,1.82,-7.1,3
MKE,YX,154,5.84,1.84,1.95,-5.37,4
MKE,OH,108,7.78,5.78,2.78,-3.43,5
MKE,MQ,4,8.0,19.67,25.0,-3.21,6
MKE,WN,933,8.15,1.68,0.75,-3.06,7
MKE,DL,420,11.79,5.77,1.43,0.58,8
MKE,F9,46,11.91,12.29,2.17,0.7,9
MKE,OO,506,15.67,10.41,1.78,4.46,10
MKE,UA,54,17.9,9.54,3.7,6.69,11
MKE,9E,101,18.4,12.31,0.99,7.19,12
MKE,AA,245,19.47,13.88,1.22,8.26,13
MLB,DL,151,1.65,-4.34,0.66,-4.44,1
MLB,OH,123,8.09,8.04,2.44,2.0,2
MLB,G4,20,27.35,22.7,0.0,21.26,3
MLI,OH,72,1.42,-0.38,1.39,-9.31,1
MLI,9E,74,3.18,-2.86,2.7,-7.55,2
MLI,OO,132,13.51,9.07,3.03,2.78,3
MLI,MQ,84,16.74,10.95,3.57,6.01,4
MLI,G4,41,19.54,18.05,0.0,8.81,5
MLU,OO,21,5.71,8.52,0.0,-11.21,1
MLU,MQ,98,11.69,8.69,2.04,-5.23,2
MLU,9E,92,25.02,20.11,1.09,8.1,3
MOB,OO,15,1.0,-0.4,0.0,-5.98,1
MOB,DL,47,2.57,-5.39,2.13,-4.41,2
MOB,MQ,122,5.97,1.13,1.64,-1.01,3
MOB,9E,76,8.68,4.71,0.0,1.7,4
MOB,OH,2,149.0,143.5,0.0,142.02,5
MOT,OO,175,20.03,16.7,1.71,-4.41,1
MOT,G4,39,44.92,40.72,5.13,20.48,2
MQT,OO,22,-6.68,-12.73,0.0,-26.21,1
MQT,9E,9,23.29,11.14,22.22,3.76,2
MQT,MQ,32,37.29,37.1,3.13,17.76,3
MRY,MQ,47,2.47,1.15,0.0,-7.64,1
MRY,OO,344,8.41,6.99,0.87,-1.7,2
MRY,AA,63,21.39,20.4,1.59,11.28,3
MRY,G4,8,40.38,48.25,0.0,30.27,4
MSN,YX,110,1.97,0.04,0.91,-8.47,1
MSN,DL,178,2.25,-4.85,0.0,-8.19,2
MSN,UA,160,6.06,5.1,1.88,-4.38,3
MSN,OO,212,8.99,5.67,0.94,-1.45,4
MSN,F9,25,9.56,6.08,0.0,-0.88,5
MSN,9E,70,9.87,2.73,4.29,-0.57,6
MSN,MQ,77,14.53,15.08,2.6,4.09,7
MSN,AA,201,19.81,15.45,0.5,9.37,8
MSN,OH,91,24.22,26.17,0.0,13.78,9
MSO,DL,60,3.31,-2.44,1.67,-14.77,1
MSO,OO,122,7.83,5.03,1.64,-10.25,2
MSO,MQ,39,8.05,2.82,0.0,-10.03,3
MSO,AA,24,12.0,4.21,0.0,-6.08,4
MSO,AS,23,12.87,5.3,0.0,-5.21,5
MSO,UA,98,21.17,14.33,2.04,3.09,6
MSO,F9,12,29.75,36.67,0.0,11.67,7
MSO,G4,32,90.69,90.78,0.0,72.61,8
MSP,G4,26,3.88,-5.73,0.0,-6.31,1
MSP,YX,133,4.26,2.38,0.75,-5.93,2
MSP,9E,743,7.48,5.05,1.21,-2.71,3
MSP,UA,513,9.05,6.08,1.36,-1.14,4
MSP,AS,100,9.15,5.0,1.0,-1.04,5
MSP,DL,6584,9.2,3.19,0.8,-0.99,6
MSP,WN,738,9.38,2.12,0.54,-0.81,7
MSP,MQ,86,10.03,9.45,0.0,-0.16,8
MSP,AA,445,12.24,8.27,2.47,2.05,9
MSP,OO,2458,12.59,7.98,0.73,2.4,10
MSP,NK,112,13.3,10.87,1.79,3.11,11
MSP,B6,29,21.52,13.9,0.0,11.33,12
MSP,F9,168,22.15,20.54,1.19,11.96,13
MSP,OH,68,30.01,23.49,0.0,19.82,14
MSY,YX,56,4.04,-2.07,0.0,-10.28,1
MSY,MQ,92,8.3,7.17,2.17,-6.02,2
MSY,UA,666,9.41,4.93,2.55,-4.91,3
MSY,NK,505,11.02,5.15,2.77,-3.3,4
MSY,AS,73,11.55,8.45,0.0,-2.77,5
MSY,DL,724,13.06,6.86,1.38,-1.26,6
MSY,WN,1843,14.01,9.34,0.87,-0.31,7
MSY,OO,21,16.43,13.62,0.0,2.11,8
MSY,AA,702,18.9,17.2,0.85,4.58,9
MSY,OH,77,24.64,18.42,0.0,10.32,10
MSY,G4,11,27.73,25.27,0.0,13.41,11
MSY,B6,110,31.97,26.6,1.82,17.65,12
MSY,F9,92,32.55,29.36,8.7,18.23,13
MTJ,UA,73,4.77,-2.44,0.0,-4.6,1
MTJ,DL,16,4.88,1.88,0.0,-4.49,2
MTJ,AA,48,9.25,4.4,0.0,-0.12,3
MTJ,OO,66,11.06,8.61,3.03,1.69,4
MTJ,WN,56,14.41,8.27,0.0,5.04,5
MTJ,MQ,4,15.0,10.0,0.0,5.63,6
MVY,MQ,2,2.5,6.5,0.0,-13.98,1
MVY,YX,44,9.6,11.05,2.27,-6.88,2
MVY,B6,46,24.19,24.9,8.7,7.71,3
MYR,OO,3,-9.0,-22.0,0.0,-19.11,1
MYR,DL,194,1.24,-5.85,0.52,-8.87,2
MYR,YX,50,3.23,-1.49,6.0,-6.88,3
MYR,9E,49,4.83,1.46,6.12,-5.28,4
MYR,OH,206,6.51,3.61,2.43,-3.6,5
MYR,WN,250,8.92,2.81,0.0,-1.19,6
MYR,NK,474,10.02,5.61,3.38,-0.09,7
MYR,MQ,46,14.57,7.78,0.0,4.46,8
MYR,AA,104,17.97,14.61,4.81,7.86,9
MYR,G4,117,18.77,17.61,2.56,8.66,10
MYR,UA,29,20.32,13.89,3.45,10.21,11
MYR,F9,32,47.1,43.61,3.13,36.99,12
OAJ,DL,37,6.65,1.78,0.0,-8.03,1
OAJ,9E,62,11.47,3.45,0.0,-3.21,2
OAJ,OH,101,19.69,15.39,1.98,5.01,3
OAK,G4,20,-7.25,-10.85,0.0,-15.53,1
OAK,HA,98,1.15,-0.78,1.02,-7.13,2
OAK,DL,56,2.27,-4.42,1.79,-6.01,3
OAK,OO,138,4.34,0.88,0.0,-3.94,4
OAK,AS,63,4.56,-3.16,0.0,-3.72,5
OAK,NK,277,8.69,4.85,3.25,0.41,6
OAK,WN,3452,8.87,1.98,0.58,0.59,7
OGG,WN,634,-0.32,-5.72,0.63,-4.6,1
OGG,HA,1375,3.52,2.52,1.09,-0.76,2
OGG,DL,67,3.65,-3.34,1.49,-0.63,3
OGG,UA,147,5.41,-3.21,2.72,1.13,4
OGG,AS,187,15.89,9.96,4.28,11.61,5
OGG,AA,117,19.29,11.06,1.71,15.01,6
OKC,DL,152,-3.32,-11.62,1.97,-10.9,1
OKC,F9,35,-2.11,-6.54,0.0,-9.69,2
OKC,YX,78,1.89,0.44,3.85,-5.69,3
OKC,G4,12,3.33,6.58,0.0,-4.25,4
OKC,AS,42,4.29,7.17,2.38,-3.29,5
OKC,WN,726,7.08,2.4,1.1,-0.5,6
OKC,MQ,197,7.78,3.58,1.52,0.2,7
OKC,OO,685,8.4,5.52,0.44,0.82,8
OKC,OH,28,11.79,9.75,0.0,4.21,9
OKC,AA,285,14.81,12.09,2.11,7.23,10
OKC,UA,2,29.5,29.0,0.0,21.92,11
OKC,9E,2,82.0,80.0,0.0,74.42,12
OMA,YX,115,1.46,-1.46,0.87,-6.63,1
OMA,MQ,57,2.18,1.23,0.0,-5.91,2
OMA,9E,52,2.84,-0.22,1.92,-5.25,3
OMA,AS,43,4.07,3.95,0.0,-4.02,4
OMA,DL,185,4.09,-4.86,0.54,-4.0,5
OMA,OH,8,5.88,6.38,0.0,-2.21,6
OMA,OO,427,7.32,3.42,0.23,-0.77,7
OMA,G4,38,8.0,7.57,2.63,-0.09,8
OMA,WN,746,8.54,1.7,0.94,0.45,9
OMA,AA,305,9.48,7.37,2.3,1.39,10
OMA,UA,278,10.61,8.77,1.44,2.52,11
OMA,F9,42,36.63,36.73,2.38,28.54,12
OME,AS,37,-7.61,-1.44,2.7,0.0,1
ONT,MQ,8,-2.63,-8.38,0.0,-13.08,1
ONT,AS,129,4.43,1.5,1.55,-6.02,2
ONT,OO,287,5.94,4.22,1.05,-4.51,3
ONT,HA,34,6.71,9.71,0.0,-3.74,4
ONT,WN,1112,7.98,0.53,0.36,-2.47,5
ONT,UA,138,8.47,-0.1,0.0,-1.98,6
ONT,DL,178,11.19,1.66,1.12,0.74,7
ONT,F9,356,15.31,12.99,2.25,4.86,8
ONT,AA,331,19.9,13.1,1.81,9.45,9
ONT,B6,25,27.17,19.29,4.0,16.72,10
ORD,YX,1665,3.76,-1.85,1.02,-12.13,1
ORD,WN,673,10.38,4.2,2.23,-5.51,2
ORD,MQ,3330,11.75,8.71,1.35,-4.14,3
ORD,AS,291,12.18,7.82,2.06,-3.71,4
ORD,DL,1062,14.3,7.69,1.13,-1.59,5
ORD,UA,8651,14.54,8.94,1.56,-1.35,6
ORD,B6,115,18.73,17.7,0.87,2.84,7
ORD,NK,830,18.86,11.62,1.69,2.97,8
ORD,OO,5324,19.34,15.19,1.77,3.45,9
ORD,AA,5032,21.28,17.87,1.09,5.39,10
ORD,9E,8,24.13,22.25,0.0,8.24,11
ORD,F9,246,31.31,35.72,3.25,15.42,12
ORF,MQ,33,2.97,-1.47,3.03,-12.56,1
ORF,YX,244,3.31,1.01,2.87,-12.22,2
ORF,F9,26,9.12,1.52,3.85,-6.41,3
ORF,OO,43,10.49,4.58,0.0,-5.04,4
ORF,WN,334,11.48,5.21,0.3,-4.05,5
ORF,9E,209,12.81,7.15,1.91,-2.72,6
ORF,DL,262,13.58,5.31,1.91,-1.95,7
ORF,OH,291,16.65,13.93,1.72,1.12,8
ORF,UA,197,19.08,13.63,2.03,3.55,9
ORF,AA,261,23.1,18.13,2.68,7.57,10
ORF,NK,94,33.49,25.87,3.19,17.96,11
ORF,G4,24,81.87,81.04,4.17,66.34,12
ORH,YX,28,-2.08,-6.23,7.14,-19.18,1
ORH,9E,26,0.04,-4.64,3.85,-17.06,2
ORH,B6,57,33.63,20.96,1.75,16.53,3
OTH,OO,37,7.6,2.26,5.41,0.0,1
OTZ,AS,33,-7.84,-7.29,6.06,0.0,1
PAE,AS,89,5.33,2.02,1.12,0.0,1
PBG,G4,36,4.85,-0.44,5.56,0.0,1
PBI,YX,1,-9.0,-21.0,0.0,-27.3,1
PBI,WN,241,10.33,5.11,0.83,-7.97,2
PBI,UA,335,14.03,8.78,2.99,-4.27,3
PBI,G4,41,14.33,9.74,4.88,-3.97,4
PBI,NK,44,15.82,12.55,0.0,-2.48,5
PBI,DL,698,16.91,10.87,1.15,-1.39,6
PBI,B6,864,19.18,14.39,1.16,0.88,7
PBI,AA,621,20.52,18.84,1.45,2.22,8
PBI,F9,91,45.78,43.56,2.2,27.48,9
PDX,MQ,10,-4.7,-11.5,0.0,-12.88,1
PDX,AS,1639,5.43,4.51,2.44,-2.75,2
PDX,DL,652,5.62,-1.81,0.61,-2.56,3
PDX,OO,1091,5.63,5.1,0.64,-2.55,4
PDX,UA,673,7.85,1.88,2.23,-0.33,5
PDX,WN,897,7.99,1.65,1.0,-0.19,6
PDX,AA,365,14.66,7.69,1.64,6.48,7
PDX,F9,170,15.96,14.85,1.18,7.78,8
PDX,HA,83,20.5,15.77,1.2,12.32,9
PDX,NK,171,21.65,15.63,3.51,13.47,10
PDX,G4,28,29.43,23.63,0.0,21.25,11
PDX,B6,18,112.39,109.67,0.0,104.21,12
PGD,G4,580,14.74,12.37,1.9,0.0,1
PHL,B6,106,0.39,-4.63,0.94,-15.49,1
PHL,YX,843,6.3,1.48,2.37,-9.58,2
PHL,UA,354,9.56,5.62,1.13,-6.32,3
PHL,AS,64,9.86,7.08,1.56,-6.02,4
PHL,9E,10,10.6,6.8,0.0,-5.28,5
PHL,OH,1188,12.46,8.49,1.09,-3.42,6
PHL,WN,477,14.05,5.77,1.05,-1.83,7
PHL,NK,477,15.53,8.39,2.73,-0.35,8
PHL,DL,547,15.65,6.84,0.55,-0.23,9
PHL,AA,4320,18.15,12.61,2.11,2.27,10
PHL,F9,1162,22.63,19.26,3.1,6.75,11
PHL,OO,19,24.47,14.74,0.0,8.59,12
PHX,HA,39,3.87,-2.21,0.0,-7.0,1
PHX,MQ,826,4.69,0.38,0.24,-6.18,2
PHX,AS,455,5.65,4.53,1.98,-5.22,3
PHX,OO,2628,6.37,3.35,0.15,-4.5,4
PHX,DL,1055,7.08,-0.47,0.38,-3.79,5
PHX,UA,988,8.33,2.15,1.32,-2.54,6
PHX,WN,6653,12.06,5.23,0.45,1.19,7
PHX,F9,865,12.53,10.17,1.5,1.66,8
PHX,AA,5296,13.82,8.58,0.43,2.95,9
PHX,NK,101,14.5,11.19,2.97,3.63,10
PHX,B6,94,16.14,10.57,3.19,5.27,11
PHX,G4,38,18.76,16.92,2.63,7.89,12
PIA,OH,90,11.68,9.73,2.22,-9.07,1
PIA,OO,105,21.51,15.1,1.9,0.76,2
PIA,MQ,65,21.97,16.41,1.54,1.22,3
PIA,G4,100,27.36,24.11,3.0,6.61,4
PIB,OO,61,24.73,21.78,3.28,0.0,1
PIE,G4,817,8.3,6.52,3.18,0.0,1
PIH,OO,79,-2.77,-8.78,0.0,0.0,1
PIT,YX,941,-0.24,-5.3,1.81,-10.12,1
PIT,AS,42,7.07,1.38,0.0,-2.81,2
PIT,DL,325,7.11,-0.07,1.23,-2.77,3
PIT,WN,1018,8.59,1.96,0.59,-1.29,4
PIT,UA,280,10.31,6.41,1.07,0.43,5
PIT,MQ,79,12.08,7.61,2.53,2.2,6
PIT,AA,590,13.35,10.7,1.02,3.47,7
PIT,B6,145,13.88,10.69,0.0,4.0,8
PIT,G4,133,14.39,12.05,3.01,4.51,9
PIT,OO,99,15.49,9.63,0.0,5.61,10
PIT,9E,156,17.21,10.77,3.85,7.33,11
PIT,NK,344,23.13,16.71,3.49,13.25,12
PIT,OH,67,26.48,22.95,5.97,16.6,13
PIT,F9,56,29.98,39.85,5.36,20.1,14
PLN,OO,79,15.54,8.29,3.8,0.0,1
PNS,YX,9,-3.33,-5.44,0.0,-16.65,1
PNS,OO,19,0.68,-0.42,0.0,-12.64,2
PNS,UA,66,1.65,-1.43,1.52,-11.67,3
PNS,WN,219,4.23,-2.86,0.46,-9.09,4
PNS,MQ,147,6.5,3.66,2.72,-6.82,5
PNS,DL,256,10.17,4.4,0.78,-3.15,6
PNS,OH,220,13.29,11.43,0.91,-0.03,7
PNS,NK,87,14.98,7.48,2.3,1.66,8
PNS,9E,34,19.62,12.18,0.0,6.3,9
PNS,AA,209,31.64,28.96,1.44,18.32,10
PNS,F9,42,32.51,31.34,2.38,19.19,11
PPG,HA,14,12.86,5.0,0.0,0.0,1
PQI,B6,8,0.88,-2.75,0.0,0.0,1
PRC,OO,64,8.38,6.84,1.56,0.0,1
PSC,DL,30,2.6,-5.67,0.0,-3.13,1
PSC,OO,370,5.07,1.01,0.54,-0.66,2
PSC,AS,36,5.24,6.0,5.56,-0.49,3
PSC,G4,28,18.46,17.5,0.0,12.73,4
PSE,B6,52,9.14,5.06,5.77,-0.71,1
PSE,F9,38,10.76,3.54,0.0,0.91,2
PSG,AS,75,2.85,1.89,1.33,0.0,1
PSM,G4,27,11.67,9.63,0.0,0.0,1
PSP,F9,1,-2.0,-20.0,0.0,-11.75,1
PSP,AS,146,5.64,3.35,3.42,-4.11,2
PSP,WN,271,6.01,0.15,0.74,-3.74,3
PSP,DL,58,8.78,2.46,0.0,-0.97,4
PSP,OO,565,8.98,6.82,1.06,-0.77,5
PSP,UA,128,11.59,4.94,0.0,1.84,6
PSP,AA,180,12.38,10.16,1.67,2.63,7
PSP,MQ,12,13.17,14.0,0.0,3.42,8
PSP,G4,6,22.17,20.83,0.0,12.42,9
PSP,B6,12,115.75,103.0,0.0,106.0,10
PVD,UA,8,-5.63,4.5,0.0,-13.29,1
PVD,MQ,36,0.75,2.94,0.0,-6.91,2
PVD,YX,105,3.07,-2.1,0.0,-4.59,3
PVD,DL,132,3.55,-4.79,0.0,-4.11,4
PVD,WN,423,7.5,-0.61,2.6,-0.16,5
PVD,B6,139,7.82,5.32,2.16,0.16,6
PVD,OH,149,8.75,6.31,0.67,1.09,7
PVD,AA,232,8.87,3.86,2.59,1.21,8
PVD,OO,45,12.29,12.82,0.0,4.63,9
PVD,9E,68,15.9,12.15,1.47,8.24,10
PVD,G4,22,17.86,7.18,0.0,10.2,11
PVU,G4,172,11.64,8.91,0.58,-2.44,1
PVU,OO,37,25.35,22.47,0.0,11.27,2
PWM,UA,83,0.09,-0.9,1.2,-14.45,1
PWM,MQ,37,1.97,-1.81,0.0,-12.57,2
PWM,DL,67,6.06,1.21,1.49,-8.48,3
PWM,F9,36,6.49,-0.51,2.78,-8.05,4
PWM,YX,329,6.61,0.5,1.22,-7.93,5
PWM,WN,164,14.46,6.91,1.83,-0.08,6
PWM,OH,76,18.4,13.48,1.32,3.86,7
PWM,B6,33,18.94,12.97,6.06,4.4,8
PWM,AA,181,23.81,19.2,0.55,9.27,9
PWM,9E,78,40.23,35.79,6.41,25.69,10
PWM,OO,43,40.42,35.79,0.0,25.88,11
RAP,AA,10,5.7,11.7,0.0,-6.6,1
RAP,DL,8,6.29,13.43,12.5,-6.01,2
RAP,UA,91,8.19,5.31,2.2,-4.11,3
RAP,G4,32,10.16,7.71,3.13,-2.14,4
RAP,OO,196,12.98,6.02,0.51,0.68,5
RAP,MQ,130,14.05,12.08,0.0,1.75,6
RAP,9E,15,24.33,20.27,0.0,12.03,7
RDD,OO,137,5.39,1.37,0.0,0.0,1
RDM,AS,47,4.09,9.04,0.0,-9.67,1
RDM,MQ,33,13.12,3.24,0.0,-0.64,2
RDM,OO,369,14.38,14.1,3.25,0.62,3
RDM,UA,104,14.39,9.12,1.92,0.63,4
RDM,AA,9,37.13,35.0,11.11,23.37,5
RDU,YX,560,4.63,2.08,2.68,-9.15,1
RDU,MQ,128,5.25,0.84,0.78,-8.53,2
RDU,WN,909,10.32,2.9,0.55,-3.46,3
RDU,OO,107,10.87,12.33,0.0,-2.91,4
RDU,OH,87,11.55,6.76,0.0,-2.23,5
RDU,9E,670,12.88,8.23,2.54,-0.9,6
RDU,UA,520,13.18,7.38,0.96,-0.6,7
RDU,AS,58,13.61,6.0,1.72,-0.17,8
RDU,DL,1131,15.19,7.59,0.97,1.41,9
RDU,NK,48,16.5,9.73,0.0,2.72,10
RDU,AA,1067,18.2,13.67,1.5,4.42,11
RDU,F9,422,19.43,15.73,1.9,5.65,12
RDU,B6,307,20.2,16.45,2.61,6.42,13
RFD,G4,80,7.83,5.74,3.75,0.0,1
RHI,OO,57,17.93,11.41,1.75,0.0,1
RIC,MQ,23,-1.74,-5.43,0.0,-13.43,1
RIC,UA,98,-1.71,-6.18,3.06,-13.4,2
RIC,YX,220,1.37,-0.07,2.27,-10.32,3
RIC,G4,31,7.37,-0.87,3.23,-4.32,4
RIC,B6,164,8.48,0.77,1.83,-3.21,5
RIC,DL,249,8.52,1.9,0.8,-3.17,6
RIC,WN,198,8.89,3.23,0.0,-2.8,7
RIC,OH,44,8.98,9.02,2.27,-2.71,8
RIC,9E,200,12.66,7.7,3.0,0.97,9
RIC,OO,74,15.84,7.45,0.0,4.15,10
RIC,AA,361,21.92,16.56,1.11,10.23,11
RIC,NK,108,28.04,18.81,0.93,16.35,12
RIW,OO,44,-0.42,-0.77,2.27,0.0,1
RKS,OO,50,11.36,6.6,0.0,0.0,1
RNO,AS,51,3.08,5.39,1.96,-9.69,1
RNO,NK,125,7.51,5.77,2.4,-5.26,2
RNO,WN,857,9.98,4.89,0.58,-2.79,3
RNO,OO,410,11.07,10.0,1.22,-1.7,4
RNO,AA,246,16.04,11.6,1.63,3.27,5
RNO,MQ,30,16.21,14.07,3.33,3.44,6
RNO,UA,229,21.68,18.19,0.44,8.91,7
RNO,B6,21,22.05,14.24,0.0,9.28,8
RNO,DL,115,22.3,13.29,2.61,9.53,9
ROA,DL,39,0.47,-10.76,2.56,-15.45,1
ROA,9E,101,9.61,1.83,1.98,-6.31,2
ROA,OH,23,10.3,12.17,0.0,-5.62,3
ROA,YX,27,12.79,12.42,11.11,-3.13,4
ROA,G4,34,19.18,15.24,2.94,3.26,5
ROA,OO,64,37.39,35.0,4.69,21.47,6
ROC,YX,108,4.28,-2.11,0.93,-7.26,1
ROC,OO,58,4.69,2.5,0.0,-6.85,2
ROC,UA,97,5.28,0.79,0.0,-6.26,3
ROC,MQ,84,8.14,3.79,0.0,-3.4,4
ROC,OH,73,10.38,9.01,1.37,-1.16,5
ROC,WN,170,10.57,2.6,1.18,-0.97,6
ROC,9E,251,11.67,4.48,4.38,0.13,7
ROC,G4,5,12.0,-2.6,0.0,0.46,8
ROC,B6,69,16.94,11.76,1.45,5.4,9
ROC,NK,48,17.07,10.02,4.17,5.53,10
ROC,DL,97,20.03,8.04,1.03,8.49,11
ROC,AA,91,20.96,20.08,1.1,9.42,12
ROW,OO,70,26.37,24.31,2.86,-3.04,1
ROW,MQ,13,45.31,33.69,0.0,15.9,2
RST,YX,2,-10.0,-0.5,0.0,-25.53,1
RST,9E,22,4.81,4.1,4.55,-10.72,2
RST,OO,81,17.08,10.96,3.7,1.55,3
RST,MQ,32,20.41,16.34,0.0,4.88,4
RSW,9E,2,-11.5,-18.5,0.0,-24.98,1
RSW,AS,22,-1.09,-4.77,0.0,-14.57,2
RSW,MQ,8,3.38,0.5,0.0,-10.1,3
RSW,YX,7,6.29,-4.71,0.0,-7.19,4
RSW,UA,508,7.34,2.67,3.54,-6.14,5
RSW,OH,3,8.0,0.0,0.0,-5.48,6
RSW,DL,670,9.05,5.09,2.09,-4.43,7
RSW,NK,242,11.22,6.98,2.89,-2.26,8
RSW,WN,701,11.97,7.61,1.85,-1.51,9
RSW,AA,558,18.61,15.71,2.33,5.13,10
RSW,F9,229,19.73,14.97,3.49,6.25,11
RSW,B6,382,23.85,20.39,3.14,10.37,12
SAF,MQ,8,11.75,11.63,0.0,-4.21,1
SAF,OO,260,16.09,13.28,2.31,0.13,2
SAN,UA,1005,8.01,4.33,1.79,-5.2,1
SAN,G4,20,8.4,10.4,0.0,-4.81,2
SAN,AS,990,9.09,8.86,2.32,-4.12,3
SAN,HA,61,10.68,8.03,1.64,-2.53,4
SAN,OO,1199,11.37,12.81,1.17,-1.84,5
SAN,DL,944,11.78,6.06,0.64,-1.43,6
SAN,NK,300,12.3,10.02,2.67,-0.91,7
SAN,WN,3504,13.98,9.24,0.8,0.77,8
SAN,AA,894,17.6,13.57,1.23,4.39,9
SAN,B6,183,24.23,21.12,0.55,11.02,10
SAN,F9,349,26.68,26.2,2.58,13.47,11
SAT,UA,559,7.28,2.27,1.61,-3.02,1
SAT,WN,1564,7.59,1.65,0.77,-2.71,2
SAT,DL,634,7.7,1.53,1.1,-2.6,3
SAT,AS,69,7.9,4.75,1.45,-2.4,4
SAT,OO,127,11.13,8.53,0.0,0.83,5
SAT,AA,830,14.42,12.65,1.93,4.12,6
SAT,NK,213,15.21,8.71,2.35,4.91,7
SAT,B6,46,20.29,17.6,2.17,9.99,8
SAT,MQ,28,24.61,19.04,0.0,14.31,9
SAT,YX,3,33.67,21.67,0.0,23.37,10
SAT,F9,70,41.16,33.99,4.29,30.86,11
SAT,G4,1,224.0,224.0,0.0,213.7,12
SAV,MQ,100,4.48,-0.06,0.0,-6.94,1
SAV,UA,134,5.07,-0.08,0.75,-6.35,2
SAV,OO,41,5.35,3.8,2.44,-6.07,3
SAV,YX,115,6.73,0.49,2.61,-4.69,4
SAV,DL,324,7.83,1.66,0.0,-3.59,5
SAV,OH,364,10.5,5.36,0.27,-0.92,6
SAV,WN,308,11.07,6.74,0.32,-0.35,7
SAV,B6,82,14.13,10.43,0.0,2.71,8
SAV,AA,211,17.15,10.96,1.42,5.73,9
SAV,9E,192,17.87,9.39,3.13,6.45,10
SAV,F9,15,18.87,22.8,0.0,7.45,11
SAV,G4,85,25.36,22.57,0.0,13.94,12
SBA,AS,32,-5.06,-7.41,0.0,-15.86,1
SBA,UA,158,4.18,-0.57,2.53,-6.62,2
SBA,WN,185,6.32,-0.09,1.08,-4.48,3
SBA,OO,200,8.7,5.44,3.0,-2.1,4
SBA,MQ,32,9.0,3.44,0.0,-1.8,5
SBA,AA,91,24.15,20.45,2.2,13.35,6
SBA,DL,40,51.48,45.21,0.0,40.68,7
SBN,AA,1,-10.0,7.0,0.0,-25.2,1
SBN,9E,1,-1.0,-13.0,0.0,-16.2,2
SBN,G4,57,0.18,-0.25,1.75,-15.02,3
SBN,YX,2,4.5,2.5,0.0,-10.7,4
SBN,OO,464,16.71,11.47,1.94,1.51,5
SBN,OH,107,17.14,14.2,0.0,1.94,6
SBN,UA,3,17.67,3.0,0.0,2.47,7
SBP,UA,34,4.94,-1.33,2.94,-8.1,1
SBP,MQ,22,5.09,-1.09,0.0,-7.95,2
SBP,OO,398,9.01,8.81,2.26,-4.03,3
SBP,AS,3,32.0,21.67,0.0,18.96,4
SBP,AA,66,42.67,36.85,0.0,29.63,5
SCC,AS,63,-4.61,-4.68,1.59,0.0,1
SCE,YX,1,-8.0,-16.0,0.0,-24.07,1
SCE,OO,58,16.48,14.78,0.0,0.41,2
SCK,G4,36,12.25,9.67,0.0,0.0,1
SDF,DL,222,-0.44,-7.27,0.45,-9.34,1
SDF,YX,630,2.97,-0.48,1.11,-5.93,2
SDF,UA,80,4.51,-0.34,1.25,-4.39,3
SDF,WN,518,7.95,1.88,1.35,-0.95,4
SDF,G4,68,9.6,5.92,4.41,0.7,5
SDF,9E,18,9.78,13.44,0.0,0.88,6
SDF,OO,189,12.2,8.35,0.53,3.3,7
SDF,NK,86,12.48,5.36,1.16,3.58,8
SDF,MQ,160,13.07,10.19,0.63,4.17,9
SDF,AA,265,20.24,17.32,3.02,11.34,10
SDF,OH,167,21.26,18.73,1.8,12.36,11
SEA,OO,2550,6.96,4.95,0.55,-2.96,1
SEA,DL,3130,8.43,2.61,0.58,-1.49,2
SEA,AS,7767,9.75,7.17,1.48,-0.17,3
SEA,UA,872,11.91,7.25,1.83,1.99,4
SEA,NK,100,13.47,6.43,3.0,3.55,5
SEA,WN,782,14.45,7.65,0.13,4.53,6
SEA,AA,520,14.96,7.56,0.96,5.04,7
SEA,B6,72,20.03,13.49,0.0,10.11,8
SEA,F9,143,22.09,16.79,1.4,12.17,9
SEA,HA,63,28.4,28.78,4.76,18.48,10
SEA,MQ,51,44.02,33.51,0.0,34.1,11
SFB,G4,952,12.54,10.17,1.37,0.0,1
SFO,HA,73,5.26,6.1,4.11,-9.83,1
SFO,AS,1075,9.33,6.24,2.6,-5.76,2
SFO,MQ,1,11.0,3.0,0.0,-4.09,3
SFO,UA,4899,11.43,3.3,1.37,-3.66,4
SFO,OO,3059,13.47,9.19,1.6,-1.62,5
SFO,DL,1186,13.71,4.4,0.76,-1.38,6
SFO,B6,362,20.98,16.38,0.0,5.89,7
SFO,WN,780,21.13,14.3,0.38,6.04,8
SFO,AA,1020,26.22,19.85,0.88,11.13,9
SFO,F9,468,43.08,39.79,1.92,27.99,10
SGF,9E,55,3.82,-0.84,0.0,-12.92,1
SGF,G4,84,10.15,5.08,0.0,-6.59,2
SGF,OH,101,14.75,11.5,0.0,-1.99,3
SGF,MQ,381,17.0,15.81,1.31,0.26,4
SGF,DL,25,19.12,6.48,0.0,2.38,5
SGF,OO,218,22.79,15.8,0.46,6.05,6
SGU,OO,288,3.94,-0.77,0.69,0.0,1
SHR,OO,78,-3.86,-3.5,0.0,0.0,1
SHV,9E,129,4.5,-1.92,0.0,-12.93,1
SHV,OH,179,12.64,9.67,2.23,-4.79,2
SHV,G4,15,23.0,15.93,0.0,5.57,3
SHV,MQ,86,30.08,23.93,3.49,12.65,4
SHV,OO,66,38.24,34.61,0.0,20.81,5
SIT,AS,131,-1.75,-0.92,0.0,-1.28,1
SIT,OO,7,27.5,17.0,14.29,27.97,2
SJC,OO,800,0.41,-1.89,0.25,-5.87,1
SJC,HA,65,1.2,0.23,1.54,-5.08,2
SJC,AS,289,2.63,-1.37,2.08,-3.65,3
SJC,DL,218,3.95,-4.46,0.0,-2.33,4
SJC,F9,64,4.31,6.37,0.0,-1.97,5
SJC,UA,200,5.04,-3.07,2.0,-1.24,6
SJC,WN,2806,7.57,1.4,0.46,1.29,7
SJC,MQ,32,7.88,4.88,0.0,1.6,8
SJC,NK,261,8.12,5.74,1.15,1.84,9
SJC,AA,153,19.16,13.76,0.65,12.88,10
SJC,B6,19,50.84,41.16,0.0,44.56,11
SJT,MQ,75,20.38,18.12,1.33,-4.02,1
SJT,OO,36,33.15,33.97,5.56,8.75,2
SJU,MQ,2,-2.0,-8.5,0.0,-20.11,1
SJU,DL,358,7.27,5.78,0.0,-10.84,2
SJU,WN,377,8.97,8.17,1.86,-9.14,3
SJU,UA,331,9.6,6.26,1.21,-8.51,4
SJU,NK,433,11.45,8.13,1.85,-6.66,5
SJU,AA,375,22.86,23.49,0.53,4.75,6
SJU,B6,997,24.82,17.1,0.9,6.71,7
SJU,F9,558,26.38,26.29,2.15,8.27,8
SLC,MQ,14,1.21,-5.57,0.0,-7.52,1
SLC,HA,17,2.18,-5.29,0.0,-6.55,2
SLC,OO,3091,4.12,0.05,0.36,-4.61,3
SLC,AS,114,4.89,2.82,0.88,-3.84,4
SLC,DL,5343,9.2,3.92,0.77,0.47,5
SLC,UA,402,9.86,5.09,2.99,1.13,6
SLC,WN,1196,11.13,4.93,0.17,2.4,7
SLC,NK,118,14.57,8.01,0.85,5.84,8
SLC,F9,306,17.52,15.31,1.63,8.79,9
SLC,AA,378,18.34,11.77,1.06,9.61,10
SLC,B6,143,23.24,18.71,0.0,14.51,11
SLN,OO,81,18.35,16.9,1.23,0.0,1
SMF,MQ,28,1.96,-5.32,0.0,-7.11,1
SMF,AS,103,2.91,0.9,1.94,-6.16,2
SMF,OO,820,2.94,-0.16,0.85,-6.13,3
SMF,UA,381,5.4,-1.16,1.05,-3.67,4
SMF,F9,78,6.01,6.96,1.28,-3.06,5
SMF,DL,348,6.25,-0.7,0.0,-2.82,6
SMF,WN,3042,9.2,2.98,0.49,0.13,7
SMF,HA,86,12.55,12.21,0.0,3.48,8
SMF,NK,168,14.58,11.24,2.98,5.51,9
SMF,AA,353,24.65,18.86,1.7,15.58,10
SMF,B6,26,63.04,57.85,0.0,53.97,11
SMX,G4,14,27.21,29.0,0.0,0.0,1
SNA,AS,439,4.19,2.51,1.14,-6.95,1
SNA,NK,122,5.77,3.08,0.82,-5.37,2
SNA,UA,583,6.95,0.39,1.2,-4.19,3
SNA,WN,1447,8.69,0.74,0.9,-2.45,4
SNA,DL,450,12.87,5.4,0.67,1.73,5
SNA,OO,418,16.6,18.68,0.96,5.46,6
SNA,AA,630,17.9,11.78,1.27,6.76,7
SNA,F9,105,20.96,20.58,3.81,9.82,8
SNA,G4,102,25.05,23.47,1.96,13.91,9
SPI,G4,13,36.31,30.77,0.0,0.0,1
SPN,UA,25,-1.76,-5.16,0.0,0.0,1
SPS,OO,44,-1.27,-5.07,0.0,-6.19,1
SPS,MQ,15,23.07,15.67,0.0,18.15,2
SRQ,OO,4,5.25,2.75,0.0,-7.92,1
SRQ,UA,162,5.39,3.38,3.09,-7.78,2
SRQ,G4,253,8.74,7.01,4.74,-4.43,3
SRQ,WN,417,11.15,5.83,4.08,-2.02,4
SRQ,DL,293,15.39,12.45,4.1,2.22,5
SRQ,AA,276,16.59,14.74,2.54,3.42,6
SRQ,B6,72,16.85,13.97,1.39,3.68,7
SRQ,OH,33,18.06,14.13,3.03,4.89,8
SRQ,F9,55,26.76,28.72,1.82,13.59,9
SRQ,YX,12,44.33,48.0,0.0,31.16,10
SRQ,MQ,2,44.5,43.5,0.0,31.33,11
STC,G4,16,10.31,2.31,0.0,0.0,1
STL,9E,149,2.42,-4.43,4.7,-8.73,1
STL,AS,65,3.32,-0.55,0.0,-7.83,2
STL,DL,563,4.56,-1.34,0.36,-6.59,3
STL,MQ,186,7.34,3.31,1.61,-3.81,4
STL,OH,37,7.5,5.67,2.7,-3.65,5
STL,WN,4110,11.26,5.25,0.73,0.11,6
STL,OO,59,11.51,3.86,0.0,0.36,7
STL,NK,39,12.68,5.94,12.82,1.53,8
STL,YX,190,13.1,5.97,2.63,1.95,9
STL,UA,290,14.28,11.98,0.69,3.13,10
STL,AA,720,14.6,13.38,1.39,3.45,11
STL,F9,116,29.13,27.15,3.45,17.98,12
STS,OO,311,5.55,7.66,0.64,-4.73,1
STS,AS,42,6.21,2.93,0.0,-4.07,2
STS,MQ,23,10.35,3.91,0.0,0.07,3
STS,AA,18,100.89,100.44,0.0,90.61,4
STT,UA,73,6.6,1.32,0.0,-11.67,1
STT,DL,86,10.22,6.1,0.0,-8.05,2
STT,NK,98,16.76,12.73,1.02,-1.51,3
STT,B6,71,17.0,14.56,1.41,-1.27,4
STT,F9,6,20.83,46.33,0.0,2.56,5
STT,AA,183,28.0,27.24,1.09,9.73,6
STX,DL,14,5.43,-1.43,0.0,-8.09,1
STX,AA,82,10.41,10.02,1.22,-3.11,2
STX,NK,19,25.47,21.16,0.0,11.95,3
STX,F9,1,57.0,53.0,0.0,43.48,4
STX,B6,2,61.0,63.0,0.0,47.48,5
SUN,OO,176,10.57,6.61,0.57,0.0,1
SUX,OO,81,15.68,14.2,1.23,0.0,1
SWF,G4,39,18.3,15.49,5.13,0.0,1
SWO,OO,53,11.86,9.74,3.77,-4.14,1
SWO,MQ,11,35.18,37.5,0.0,19.18,2
SYR,9E,202,2.27,-4.4,1.98,-6.04,1
SYR,UA,87,3.41,0.94,0.0,-4.9,2
SYR,YX,131,4.84,2.5,1.53,-3.47,3
SYR,B6,137,6.41,3.99,5.11,-1.9,4
SYR,DL,96,7.27,-2.13,2.08,-1.04,5
SYR,MQ,76,9.62,6.32,0.0,1.31,6
SYR,WN,107,10.07,2.22,0.93,1.76,7
SYR,OO,118,10.86,4.72,2.54,2.55,8
SYR,AA,143,12.27,11.13,0.0,3.96,9
SYR,G4,69,14.91,7.78,1.45,6.6,10
SYR,OH,48,17.47,20.23,2.08,9.16,11
SYR,F9,39,18.78,14.46,5.13,10.47,12
TLH,DL,136,2.81,-3.99,1.47,-6.69,1
TLH,9E,63,4.92,3.98,1.59,-4.58,2
TLH,MQ,287,10.56,7.89,1.39,1.06,3
TLH,B6,34,12.79,7.56,0.0,3.29,4
TLH,OH,82,17.18,14.61,3.66,7.68,5
TLH,YX,3,64.33,75.33,0.0,54.83,6
TOL,G4,31,58.19,50.0,0.0,0.0,1
TPA,YX,3,-3.67,-11.67,0.0,-18.04,1
TPA,9E,1,7.0,1.0,0.0,-7.37,2
TPA,NK,551,9.67,6.54,3.27,-4.7,3
TPA,MQ,121,11.52,10.67,2.48,-2.85,4
TPA,UA,840,13.18,8.53,2.5,-1.19,5
TPA,WN,2432,13.43,8.66,2.43,-0.94,6
TPA,F9,675,14.16,11.22,2.22,-0.21,7
TPA,DL,1303,14.92,9.44,2.07,0.55,8
TPA,AA,1296,15.79,12.64,2.7,1.42,9
TPA,AS,87,19.91,18.05,5.75,5.54,10
TPA,B6,538,20.64,15.9,3.16,6.27,11
TRI,9E,105,-0.57,-9.16,1.9,-6.83,1
TRI,DL,9,-0.22,-10.11,0.0,-6.48,2
TRI,MQ,55,9.69,3.5,0.0,3.43,3
TRI,OH,16,15.06,5.75,0.0,8.8,4
TRI,G4,21,16.5,22.25,4.76,10.24,5
TRI,OO,16,20.5,14.25,0.0,14.24,6
TTN,F9,160,16.82,10.88,4.38,0.0,1
TUL,UA,46,-6.3,-2.09,0.0,-16.74,1
TUL,DL,141,1.58,-6.64,0.0,-8.86,2
TUL,YX,62,2.1,0.7,1.61,-8.34,3
TUL,MQ,176,6.25,1.91,0.0,-4.19,4
TUL,OO,349,6.33,2.79,1.15,-4.11,5
TUL,WN,529,8.76,2.86,0.76,-1.68,6
TUL,9E,29,13.55,8.14,0.0,3.11,7
TUL,AA,254,18.92,16.9,1.97,8.48,8
TUL,OH,75,25.69,24.52,0.0,15.25,9
TUL,G4,46,58.57,56.22,0.0,48.13,10
TUS,MQ,73,5.36,4.56,0.0,-3.14,1
TUS,OO,796,5.5,3.91,0.13,-3.0,2
TUS,AS,53,5.55,9.11,0.0,-2.95,3
TUS,WN,449,7.15,0.08,0.67,-1.35,4
TUS,UA,123,8.88,1.6,2.44,0.38,5
TUS,AA,322,14.66,13.04,1.24,6.16,6
TUS,DL,106,21.45,11.28,0.0,12.95,7
TVC,9E,26,-4.8,-9.96,3.85,-20.67,1
TVC,YX,57,1.86,1.65,0.0,-14.01,2
TVC,DL,55,3.0,-5.17,3.64,-12.87,3
TVC,UA,58,20.26,12.78,1.72,4.39,4
TVC,OO,107,21.96,19.15,1.87,6.09,5
TVC,OH,18,22.39,16.5,0.0,6.52,6
TVC,MQ,60,24.47,21.08,0.0,8.6,7
TVC,G4,24,24.67,19.17,0.0,8.8,8
TVC,AA,13,36.15,38.46,0.0,20.28,9
TWF,OO,76,-0.18,-3.84,0.0,0.0,1
TXK,MQ,41,11.41,13.6,0.0,-6.85,1
TXK,OO,31,27.93,28.28,6.45,9.67,2
TYR,MQ,28,4.15,-2.11,3.57,-3.56,1
TYR,OO,87,8.84,4.12,2.3,1.13,2
TYS,UA,37,-1.76,-7.49,0.0,-11.65,1
TYS,MQ,114,1.96,-0.52,0.0,-7.93,2
TYS,YX,70,3.75,0.35,1.43,-6.14,3
TYS,9E,279,6.46,0.28,2.51,-3.43,4
TYS,OH,365,7.02,6.67,2.47,-2.87,5
TYS,OO,152,8.22,4.65,3.95,-1.67,6
TYS,G4,257,10.61,7.11,2.33,0.72,7
TYS,DL,124,13.14,5.02,2.42,3.25,8
TYS,F9,27,14.04,12.41,0.0,4.15,9
TYS,AA,165,29.97,24.02,1.21,20.08,10
USA,G4,80,23.85,20.24,0.0,0.0,1
VCT,OO,57,3.18,-3.69,3.51,0.0,1
VEL,OO,2,-9.0,-21.5,0.0,0.0,1
VLD,OO,4,-3.0,-11.0,0.0,-22.08,1
VLD,9E,59,20.6,15.24,1.69,1.52,2
VPS,YX,10,-7.8,-12.0,0.0,-20.14,1
VPS,9E,2,-3.0,-3.0,50.0,-15.34,2
VPS,OH,71,5.09,6.44,4.23,-7.25,3
VPS,WN,187,6.33,0.71,0.53,-6.01,4
VPS,MQ,51,9.0,6.84,0.0,-3.34,5
VPS,G4,205,9.93,5.17,0.49,-2.41,6
VPS,DL,233,13.96,6.96,0.43,1.62,7
VPS,AA,181,24.14,23.3,1.1,11.8,8
WRG,AS,61,-3.38,-4.97,0.0,0.0,1
WYS,OO,25,48.2,46.48,0.0,0.0,1
XNA,YX,87,-2.35,-7.79,2.3,-10.13,1
XNA,9E,188,0.3,-5.25,0.53,-7.48,2
XNA,OH,20,3.32,2.05,5.0,-4.46,3
XNA,UA,23,5.78,1.91,0.0,-2.0,4
XNA,MQ,536,6.81,5.51,0.93,-0.97,5
XNA,OO,226,9.82,5.62,1.77,2.04,6
XNA,DL,53,9.91,1.26,0.0,2.13,7
XNA,F9,15,12.53,9.67,0.0,4.75,8
XNA,G4,86,17.21,13.55,0.0,9.43,9
XNA,AA,118,20.09,21.53,0.0,12.31,10
XWA,OO,167,23.15,19.49,0.6,0.0,1
YAK,AS,54,-1.65,-3.92,0.0,0.0,1
YUM,MQ,54,4.32,1.72,1.85,-2.68,1
YUM,OO,112,8.27,5.08,0.0,1.27,2
